[Licensing::Module] Trying to connect to existing licensing client channel...
Built from '6000.3/staging' branch; Version is '6000.3.10f1 (e35f0c77bd8e) revision 14901004'; Using compiler version '194234433'; Build Type 'Release'
OS: 'Windows 11  (10.0.26200) CoreSingleLanguage' Language: 'en' Physical Memory: 11995 MB
[Licensing::IpcConnector] Successfully connected to: "LicenseClient-THUAN" at "2026-03-22T21:05:55.7548017Z"
BatchMode: 1, IsHumanControllingUs: 0, StartBugReporterOnCrash: 0, Is64bit: 1
System  architecture: x64
Process architecture: x64
Date: 2026-03-22T21:05:55Z

COMMAND LINE ARGUMENTS:
C:\Program Files\Unity\Hub\Editor\6000.3.10f1\Editor\Unity.exe
-adb2
-batchMode
-noUpm
-name
AssetImportWorker0
-projectPath
C:/Users/THUAN/Documents/GitHub/Knights-Adventure
-logFile
Logs/AssetImportWorker0.log
-srvPort
57044
-licensingIpc
LicenseClient-THUAN
-job-worker-count
5
-background-job-worker-count
8
-gc-helper-count
1
-name
AssetImport
Successfully changed project path to: C:/Users/THUAN/Documents/GitHub/Knights-Adventure
C:/Users/THUAN/Documents/GitHub/Knights-Adventure
[UnityMemory] Configuration Parameters - Can be set up in boot.config
    "memorysetup-temp-allocator-size-nav-mesh-worker=65536"
    "memorysetup-temp-allocator-size-audio-worker=65536"
    "memorysetup-temp-allocator-size-gfx=262144"
    "memorysetup-allocator-temp-initial-block-size-main=262144"
    "memorysetup-allocator-temp-initial-block-size-worker=262144"
    "memorysetup-temp-allocator-size-background-worker=32768"
    "memorysetup-temp-allocator-size-job-worker=262144"
    "memorysetup-temp-allocator-size-preload-manager=33554432"
    "memorysetup-temp-allocator-size-gi-baking-worker=262144"
    "memorysetup-temp-allocator-size-gi-baking-worker=262144"
    "memorysetup-temp-allocator-size-gi-baking-worker=262144"
    "memorysetup-temp-allocator-size-gi-baking-worker=262144"
    "memorysetup-temp-allocator-size-gi-baking-worker=262144"
    "memorysetup-bucket-allocator-granularity=16"
    "memorysetup-bucket-allocator-bucket-count=8"
    "memorysetup-bucket-allocator-block-size=33554432"
    "memorysetup-bucket-allocator-block-count=8"
    "memorysetup-main-allocator-block-size=16777216"
    "memorysetup-thread-allocator-block-size=16777216"
    "memorysetup-gfx-main-allocator-block-size=16777216"
    "memorysetup-gfx-thread-allocator-block-size=16777216"
    "memorysetup-cache-allocator-block-size=4194304"
    "memorysetup-typetree-allocator-block-size=2097152"
    "memorysetup-profiler-bucket-allocator-granularity=16"
    "memorysetup-profiler-bucket-allocator-bucket-count=8"
    "memorysetup-profiler-bucket-allocator-block-size=33554432"
    "memorysetup-profiler-bucket-allocator-block-count=8"
    "memorysetup-profiler-allocator-block-size=16777216"
    "memorysetup-profiler-editor-allocator-block-size=1048576"
    "memorysetup-temp-allocator-size-main=16777216"
    "memorysetup-job-temp-allocator-block-size=2097152"
    "memorysetup-job-temp-allocator-block-size-background=1048576"
    "memorysetup-job-temp-allocator-reduction-small-platforms=262144"
    "memorysetup-temp-allocator-size-cloud-worker=32768"
Player connection [20396]  Target information:

Player connection [20396]  * "[IP] 192.168.100.124 [Port] 0 [Flags] 2 [Guid] 2107040844 [EditorId] 2107040844 [Version] 1048832 [Id] WindowsEditor(7,LAPTOP-2V847JTP) [Debug] 1 [PackageName] WindowsEditor [ProjectName] Editor" 

Player connection [20396] Host joined multi-casting on [225.0.0.222:54997]...
Player connection [20396] Host joined alternative multi-casting on [225.0.0.222:34997]...
JobSystem: Creating JobQueue using job-worker-count value 5
Input System module state changed to: Initialized.
[Physics::Module] Initialized fallback backend.
[Physics::Module] Id: 0xdecafbad
Library Redirect Path: Library/
[Physics::Module] Selected backend.
[Physics::Module] Name: PhysX
[Physics::Module] Id: 0xf2b8ea05
[Physics::Module] SDK Version: 4.1.2
[Physics::Module] Integration Version: 1.0.0
[Physics::Module] Threading Mode: Multi-Threaded
Refreshing native plugins compatible for Editor in 12.91 ms, found 3 plugins.
Preloading 0 native plugins for Editor in 0.01 ms.
Initialize engine version: 6000.3.10f1 (e35f0c77bd8e)
[Subsystems] Discovering subsystems at path C:/Program Files/Unity/Hub/Editor/6000.3.10f1/Editor/Data/Resources/UnitySubsystems
[Subsystems] Discovering subsystems at path C:/Users/THUAN/Documents/GitHub/Knights-Adventure/Assets
GfxDevice: creating device client; kGfxThreadingModeNonThreaded
Direct3D:
    Version:  Direct3D 11.0 [level 11.1]
    Renderer: NVIDIA GeForce RTX 4050 Laptop GPU (ID=0x28e1)
    Vendor:   NVIDIA
    VRAM:     5921 MB
    Driver:   32.0.15.8186
Initialize mono
Mono path[0] = 'C:/Program Files/Unity/Hub/Editor/6000.3.10f1/Editor/Data/Managed'
Mono path[1] = 'C:/Program Files/Unity/Hub/Editor/6000.3.10f1/Editor/Data/MonoBleedingEdge/lib/mono/unityjit-win32'
Mono config path = 'C:/Program Files/Unity/Hub/Editor/6000.3.10f1/Editor/Data/MonoBleedingEdge/etc'
Using monoOptions --debugger-agent=transport=dt_socket,embedding=1,server=y,suspend=n,address=127.0.0.1:56464
Begin MonoManager ReloadAssembly
Registering precompiled unity dll's ...
Register platform support module: C:/Program Files/Unity/Hub/Editor/6000.3.10f1/Editor/Data/PlaybackEngines/WindowsStandaloneSupport/UnityEditor.WindowsStandalone.Extensions.dll
Registered in 0.002366 seconds.
- Loaded All Assemblies, in  0.591 seconds
Native extension for WindowsStandalone target not found
ScheduleIndexationOnStartup MainProcess:False IndexOnStartup:False
Mono: successfully reloaded assembly
- Finished resetting the current domain, in  0.548 seconds
Domain Reload Profiling: 1136ms
	BeginReloadAssembly (266ms)
		ExecutionOrderSort (0ms)
		DisableScriptedObjects (0ms)
		BackupInstance (0ms)
		ReleaseScriptingObjects (0ms)
		CreateAndSetChildDomain (1ms)
	RebuildCommonClasses (38ms)
	RebuildNativeTypeToScriptingClass (17ms)
	initialDomainReloadingComplete (58ms)
	LoadAllAssembliesAndSetupDomain (209ms)
		LoadAssemblies (261ms)
		RebuildTransferFunctionScriptingTraits (0ms)
		AnalyzeDomain (206ms)
			TypeCache.Refresh (203ms)
				TypeCache.ScanAssembly (186ms)
			BuildScriptInfoCaches (0ms)
			ResolveRequiredComponents (1ms)
	FinalizeReload (549ms)
		ReleaseScriptCaches (0ms)
		RebuildScriptCaches (0ms)
		SetupLoadedEditorAssemblies (492ms)
			LogAssemblyErrors (0ms)
			InitializePlatformSupportModulesInManaged (63ms)
			SetLoadedEditorAssemblies (5ms)
			BeforeProcessingInitializeOnLoad (107ms)
			ProcessInitializeOnLoadAttributes (210ms)
			ProcessInitializeOnLoadMethodAttributes (107ms)
			AfterProcessingInitializeOnLoad (0ms)
			EditorAssembliesLoaded (0ms)
		ExecutionOrderSort2 (0ms)
		AwakeInstancesAfterBackupRestoration (0ms)
========================================================================
Worker process is ready to serve import requests
Import Worker Mode flag is 0x00
Begin MonoManager ReloadAssembly
[Licensing::Module] Licensing is not yet initialized.
[Licensing::Client] Handshaking with LicensingClient:
  Version:                 1.17.4+4293ba1
  Session Id:              bf225013a1d84fb4a224aac5e1e8be1e
  Correlation Id:          eef09c656d16c105f60beb88be975149
  External correlation Id: 8023177383399516160
  Machine Id:              +SPtrWb1f0ImJ7/TwESPMLhiehQ=
[Licensing::Module] Successfully connected to LicensingClient on channel: "LicenseClient-THUAN" (connect: 0.00s, validation: 0.00s, handshake: 2.64s)
[Licensing::IpcConnector] Successfully connected to: "LicenseClient-THUAN-notifications" at "2026-03-22T21:05:58.3946706Z"
[Licensing::Module] Licensing Background thread has ended after 2.64s
[Licensing::Module] Licensing is initialized (took 0.13s).
[Licensing::Client] Successfully resolved entitlement details
[Licensing::Module] License group:
  Id: 18968339531636-UnityPersXXXX
  Product: Unity Personal
  Type: Assigned
  Expiration: Unlimited
- Loaded All Assemblies, in  1.455 seconds
Refreshing native plugins compatible for Editor in 3.34 ms, found 3 plugins.
Native extension for WindowsStandalone target not found
Package Manager log level set to [2]
[Package Manager] Failed to launch server process. Reason: Unity was launched with the -noUpm command-line argument
[Package Manager] Unable to send message (not connected to server process).
[Package Manager] Cannot connect to Unity Package Manager local server
ScheduleIndexationOnStartup MainProcess:False IndexOnStartup:False
Mono: successfully reloaded assembly
- Finished resetting the current domain, in  1.146 seconds
Domain Reload Profiling: 2590ms
	BeginReloadAssembly (492ms)
		ExecutionOrderSort (0ms)
		DisableScriptedObjects (7ms)
		BackupInstance (0ms)
		ReleaseScriptingObjects (0ms)
		CreateAndSetChildDomain (51ms)
	RebuildCommonClasses (66ms)
	RebuildNativeTypeToScriptingClass (24ms)
	initialDomainReloadingComplete (82ms)
	LoadAllAssembliesAndSetupDomain (779ms)
		LoadAssemblies (700ms)
		RebuildTransferFunctionScriptingTraits (0ms)
		AnalyzeDomain (323ms)
			TypeCache.Refresh (237ms)
				TypeCache.ScanAssembly (217ms)
			BuildScriptInfoCaches (69ms)
			ResolveRequiredComponents (9ms)
	FinalizeReload (1146ms)
		ReleaseScriptCaches (0ms)
		RebuildScriptCaches (0ms)
		SetupLoadedEditorAssemblies (929ms)
			LogAssemblyErrors (0ms)
			InitializePlatformSupportModulesInManaged (3ms)
			SetLoadedEditorAssemblies (10ms)
			BeforeProcessingInitializeOnLoad (243ms)
			ProcessInitializeOnLoadAttributes (560ms)
			ProcessInitializeOnLoadMethodAttributes (98ms)
			AfterProcessingInitializeOnLoad (15ms)
			EditorAssembliesLoaded (0ms)
		ExecutionOrderSort2 (0ms)
		AwakeInstancesAfterBackupRestoration (15ms)
Launched and connected shader compiler UnityShaderCompiler.exe after 0.02 seconds
Refreshing native plugins compatible for Editor in 3.19 ms, found 3 plugins.
Preloading 0 native plugins for Editor in 0.00 ms.
Unloading 1 Unused Serialized files (Serialized files now loaded: 0)
Unloading 3168 unused Assets / (1.2 MB). Loaded Objects now: 3790.
Memory consumption went from 104.3 MB to 103.1 MB.
Total: 9.327100 ms (FindLiveObjects: 0.687900 ms CreateObjectMapping: 0.305500 ms MarkObjects: 7.164900 ms  DeleteObjects: 1.166500 ms)

========================================================================
Received Import Request.
  Time since last request: 4985.107581 seconds.
  path: Assets/Animations/Coin.anim
  artifactKey: Guid(f9e1ca5d424be044e99ea3c72ffae335) Importer(2089858483,b0f066a214c2f5e87bad3c948f4d605d)
Start importing Assets/Animations/Coin.anim using Guid(f9e1ca5d424be044e99ea3c72ffae335) Importer(2089858483,b0f066a214c2f5e87bad3c948f4d605d) (ScriptedImporter) -> (artifact id: '599ec84050b578c3edfde2089915695b') in 0.1437355 seconds
Number of updated asset objects reloaded before import = 0Number of asset objects unloaded after import = 1

========================================================================
Received Import Request.
  Time since last request: 0.000027 seconds.
  path: Assets/Graphics/Character/Dead (8).png
  artifactKey: Guid(45e048c981699964a8dae4b95175ec4e) Importer(2089858483,b0f066a214c2f5e87bad3c948f4d605d)
Start importing Assets/Graphics/Character/Dead (8).png using Guid(45e048c981699964a8dae4b95175ec4e) Importer(2089858483,b0f066a214c2f5e87bad3c948f4d605d) (ScriptedImporter) -> (artifact id: 'ad9f7ef66bb2635da034d7200be558b4') in 0.0902715 seconds
Number of updated asset objects reloaded before import = 0Number of asset objects unloaded after import = 3

========================================================================
Received Import Request.
  Time since last request: 0.000034 seconds.
  path: Assets/Graphics/Character/Attack (3).png
  artifactKey: Guid(39396da33927b7b4f8f82e6c13df7bcf) Importer(2089858483,b0f066a214c2f5e87bad3c948f4d605d)
Start importing Assets/Graphics/Character/Attack (3).png using Guid(39396da33927b7b4f8f82e6c13df7bcf) Importer(2089858483,b0f066a214c2f5e87bad3c948f4d605d) (ScriptedImporter) -> (artifact id: '6d151af46b6238a44af8a6d6a5742f24') in 0.0243208 seconds
Number of updated asset objects reloaded before import = 0Number of asset objects unloaded after import = 3

========================================================================
Received Import Request.
  Time since last request: 0.000017 seconds.
  path: Assets/Graphics/Enemy/9.png
  artifactKey: Guid(24f8e080d2462c04abcfc2589bee076e) Importer(2089858483,b0f066a214c2f5e87bad3c948f4d605d)
Start importing Assets/Graphics/Enemy/9.png using Guid(24f8e080d2462c04abcfc2589bee076e) Importer(2089858483,b0f066a214c2f5e87bad3c948f4d605d) (ScriptedImporter) -> (artifact id: 'eb2025ab415a9c2ef97bd1be0addcb11') in 0.036609 seconds
Number of updated asset objects reloaded before import = 0Number of asset objects unloaded after import = 3

========================================================================
Received Import Request.
  Time since last request: 0.000018 seconds.
  path: Assets/Animations/Idle.anim
  artifactKey: Guid(8889f9308eede86489367550ee5992e4) Importer(2089858483,b0f066a214c2f5e87bad3c948f4d605d)
Start importing Assets/Animations/Idle.anim using Guid(8889f9308eede86489367550ee5992e4) Importer(2089858483,b0f066a214c2f5e87bad3c948f4d605d) (ScriptedImporter) -> (artifact id: 'add04341cd669af7d6ff0ce21850a026') in 0.0232664 seconds
Number of updated asset objects reloaded before import = 0Number of asset objects unloaded after import = 1

========================================================================
Received Import Request.
  Time since last request: 0.000588 seconds.
  path: Assets/Graphics/Character/Attack (6).png
  artifactKey: Guid(ef37c47764b0c03418138cfea0ecb107) Importer(2089858483,b0f066a214c2f5e87bad3c948f4d605d)
Start importing Assets/Graphics/Character/Attack (6).png using Guid(ef37c47764b0c03418138cfea0ecb107) Importer(2089858483,b0f066a214c2f5e87bad3c948f4d605d) (ScriptedImporter) -> (artifact id: '011b1ca8960abf2e82bb3b2b5b14c3e8') in 0.0320982 seconds
Number of updated asset objects reloaded before import = 0Number of asset objects unloaded after import = 3

========================================================================
Received Import Request.
  Time since last request: 0.000245 seconds.
  path: Assets/Graphics/Font/gomarice_gogono_cocoa_mochi SDF.asset
  artifactKey: Guid(6d6741c16d40181438e917406c5aa8a4) Importer(2089858483,b0f066a214c2f5e87bad3c948f4d605d)
Start importing Assets/Graphics/Font/gomarice_gogono_cocoa_mochi SDF.asset using Guid(6d6741c16d40181438e917406c5aa8a4) Importer(2089858483,b0f066a214c2f5e87bad3c948f4d605d) (ScriptedImporter) -> (artifact id: '52feda6e8e812831682c60a741b314b7') in 0.0629708 seconds
Number of updated asset objects reloaded before import = 0Number of asset objects unloaded after import = 3

========================================================================
Received Import Request.
  Time since last request: 0.000018 seconds.
  path: Assets/Animations/Run.anim
  artifactKey: Guid(e04f9b41ed0a8c64f98343969e16a7c1) Importer(2089858483,b0f066a214c2f5e87bad3c948f4d605d)
Start importing Assets/Animations/Run.anim using Guid(e04f9b41ed0a8c64f98343969e16a7c1) Importer(2089858483,b0f066a214c2f5e87bad3c948f4d605d) (ScriptedImporter) -> (artifact id: '6ec999ada427b4e554bd1f376d8e151a') in 0.020053 seconds
Number of updated asset objects reloaded before import = 0Number of asset objects unloaded after import = 1

========================================================================
Received Import Request.
  Time since last request: 0.000026 seconds.
  path: Assets/Graphics/Character/Hurt (1).png
  artifactKey: Guid(2abcf3ab20c6a20418ebfae1b1c6e0c7) Importer(2089858483,b0f066a214c2f5e87bad3c948f4d605d)
Start importing Assets/Graphics/Character/Hurt (1).png using Guid(2abcf3ab20c6a20418ebfae1b1c6e0c7) Importer(2089858483,b0f066a214c2f5e87bad3c948f4d605d) (ScriptedImporter) -> (artifact id: '8958f1382d93ec20884adfef29290b92') in 0.0287605 seconds
Number of updated asset objects reloaded before import = 0Number of asset objects unloaded after import = 3

========================================================================
Received Import Request.
  Time since last request: 0.000029 seconds.
  path: Assets/Scenes/GameScene-2.unity
  artifactKey: Guid(59a64059b4cf8364894db7b6c613dec1) Importer(2089858483,b0f066a214c2f5e87bad3c948f4d605d)
Start importing Assets/Scenes/GameScene-2.unity using Guid(59a64059b4cf8364894db7b6c613dec1) Importer(2089858483,b0f066a214c2f5e87bad3c948f4d605d) (ScriptedImporter) -> (artifact id: 'aa03feb22215396b449f07ad965c54d6') in 0.0426509 seconds
Number of updated asset objects reloaded before import = 0Number of asset objects unloaded after import = 1

========================================================================
Received Import Request.
  Time since last request: 0.000130 seconds.
  path: Assets/Graphics/Enemy/5.png
  artifactKey: Guid(82ea98059d55ed2498372a3a262d66a2) Importer(2089858483,b0f066a214c2f5e87bad3c948f4d605d)
Start importing Assets/Graphics/Enemy/5.png using Guid(82ea98059d55ed2498372a3a262d66a2) Importer(2089858483,b0f066a214c2f5e87bad3c948f4d605d) (ScriptedImporter) -> (artifact id: '2e200acfe1abd804d15f1b8cf263c0b0') in 0.0268154 seconds
Number of updated asset objects reloaded before import = 0Number of asset objects unloaded after import = 3

========================================================================
Received Import Request.
  Time since last request: 0.000026 seconds.
  path: Assets/Graphics/Character/Attack (8).png
  artifactKey: Guid(d528999d6a867a74dada8271f0e2d898) Importer(2089858483,b0f066a214c2f5e87bad3c948f4d605d)
Start importing Assets/Graphics/Character/Attack (8).png using Guid(d528999d6a867a74dada8271f0e2d898) Importer(2089858483,b0f066a214c2f5e87bad3c948f4d605d) (ScriptedImporter) -> (artifact id: '43dd9b46c2dbc6201f45d28f46dd072b') in 0.027953 seconds
Number of updated asset objects reloaded before import = 0Number of asset objects unloaded after import = 3

========================================================================
Received Import Request.
  Time since last request: 0.000024 seconds.
  path: Assets/Animators/CoinController.controller
  artifactKey: Guid(b992774855039fa43874cf57b6ec9414) Importer(2089858483,b0f066a214c2f5e87bad3c948f4d605d)
Start importing Assets/Animators/CoinController.controller using Guid(b992774855039fa43874cf57b6ec9414) Importer(2089858483,b0f066a214c2f5e87bad3c948f4d605d) (ScriptedImporter) -> (artifact id: '992901d0af8caa3b28728a875e7d541e') in 0.0228352 seconds
Number of updated asset objects reloaded before import = 0Number of asset objects unloaded after import = 4

========================================================================
Received Import Request.
  Time since last request: 0.000053 seconds.
  path: Assets/Animations/FlowerEnemy.anim
  artifactKey: Guid(92ad4f1ba82e32a4b8bd8bc8bc1dc8f3) Importer(2089858483,b0f066a214c2f5e87bad3c948f4d605d)
Start importing Assets/Animations/FlowerEnemy.anim using Guid(92ad4f1ba82e32a4b8bd8bc8bc1dc8f3) Importer(2089858483,b0f066a214c2f5e87bad3c948f4d605d) (ScriptedImporter) -> (artifact id: '03bac1395312d32d5a08c211417d9ca2') in 0.0235381 seconds
Number of updated asset objects reloaded before import = 0Number of asset objects unloaded after import = 1

========================================================================
Received Import Request.
  Time since last request: 0.000046 seconds.
  path: Assets/Prefabs/Level/Bone (1).prefab
  artifactKey: Guid(969e642224e7c8643a8a74d7d7ce0ea4) Importer(2089858483,b0f066a214c2f5e87bad3c948f4d605d)
Start importing Assets/Prefabs/Level/Bone (1).prefab using Guid(969e642224e7c8643a8a74d7d7ce0ea4) Importer(2089858483,b0f066a214c2f5e87bad3c948f4d605d) (ScriptedImporter) -> (artifact id: '9273e2fde52d3c470d901a4f5c30aa06') in 0.0429939 seconds
Number of updated asset objects reloaded before import = 0Number of asset objects unloaded after import = 7

========================================================================
Received Import Request.
  Time since last request: 0.000030 seconds.
  path: Assets/Prefabs/UI/CoinCanvas.prefab
  artifactKey: Guid(565f147d7ae15134d8cf560bc13b7ab7) Importer(2089858483,b0f066a214c2f5e87bad3c948f4d605d)
Start importing Assets/Prefabs/UI/CoinCanvas.prefab using Guid(565f147d7ae15134d8cf560bc13b7ab7) Importer(2089858483,b0f066a214c2f5e87bad3c948f4d605d) (ScriptedImporter) -> (artifact id: '764ba474c8e96797d36a75caa4f17438') in 0.0473618 seconds
Number of updated asset objects reloaded before import = 0Number of asset objects unloaded after import = 28

========================================================================
Received Import Request.
  Time since last request: 0.000031 seconds.
  path: Assets/Prefabs/UI/EndingScreen.prefab
  artifactKey: Guid(e97b3193af2cfcb49a448e7feb8c3c97) Importer(2089858483,b0f066a214c2f5e87bad3c948f4d605d)
Start importing Assets/Prefabs/UI/EndingScreen.prefab using Guid(e97b3193af2cfcb49a448e7feb8c3c97) Importer(2089858483,b0f066a214c2f5e87bad3c948f4d605d) (ScriptedImporter) -> (artifact id: '90c648a084dbbec6a2c0b1b04c9b004d') in 0.0281919 seconds
Number of updated asset objects reloaded before import = 0Number of asset objects unloaded after import = 58

========================================================================
Received Import Request.
  Time since last request: 0.000022 seconds.
  path: Assets/Prefabs/Character/Player.prefab
  artifactKey: Guid(e85410dbe29693345a55d77ea739e193) Importer(2089858483,b0f066a214c2f5e87bad3c948f4d605d)
Start importing Assets/Prefabs/Character/Player.prefab using Guid(e85410dbe29693345a55d77ea739e193) Importer(2089858483,b0f066a214c2f5e87bad3c948f4d605d) (ScriptedImporter) -> (artifact id: '897f777dbbe7f8878e9a99e0fe9461f1') in 0.037484 seconds
Number of updated asset objects reloaded before import = 0Number of asset objects unloaded after import = 41

========================================================================
Received Import Request.
  Time since last request: 0.000022 seconds.
  path: Assets/Resources/Sounds/Jump.wav
  artifactKey: Guid(03a4ce38627d50144b9cd6dba8231d0b) Importer(2089858483,b0f066a214c2f5e87bad3c948f4d605d)
Start importing Assets/Resources/Sounds/Jump.wav using Guid(03a4ce38627d50144b9cd6dba8231d0b) Importer(2089858483,b0f066a214c2f5e87bad3c948f4d605d) (ScriptedImporter) -> (artifact id: '26e90957737dcaffbf37af4f405b858d') in 0.0463811 seconds
Number of updated asset objects reloaded before import = 0Number of asset objects unloaded after import = 1

========================================================================
Received Import Request.
  Time since last request: 0.000030 seconds.
  path: Assets/Lean/Common/LeanCommon.asmdef
  artifactKey: Guid(82c7e6eac44d7e048b22ad98800dcfc7) Importer(2089858483,b0f066a214c2f5e87bad3c948f4d605d)
Start importing Assets/Lean/Common/LeanCommon.asmdef using Guid(82c7e6eac44d7e048b22ad98800dcfc7) Importer(2089858483,b0f066a214c2f5e87bad3c948f4d605d) (ScriptedImporter) -> (artifact id: 'deff4ac3e1f672b8b3f99561a696623e') in 0.0212831 seconds
Number of updated asset objects reloaded before import = 0Number of asset objects unloaded after import = 1

========================================================================
Received Import Request.
  Time since last request: 0.000083 seconds.
  path: Assets/Animators/SpikeWormController.controller
  artifactKey: Guid(6004c6416588e6d479bd99e3ad697c40) Importer(2089858483,b0f066a214c2f5e87bad3c948f4d605d)
Start importing Assets/Animators/SpikeWormController.controller using Guid(6004c6416588e6d479bd99e3ad697c40) Importer(2089858483,b0f066a214c2f5e87bad3c948f4d605d) (ScriptedImporter) -> (artifact id: '9f052443acab10a376999354027589f5') in 0.0180329 seconds
Number of updated asset objects reloaded before import = 0Number of asset objects unloaded after import = 2

========================================================================
Received Import Request.
  Time since last request: 0.000044 seconds.
  path: Assets/Graphics/Character/Idle (3).png
  artifactKey: Guid(4e31a88fddba6cf40aea117c6fe5e8a9) Importer(2089858483,b0f066a214c2f5e87bad3c948f4d605d)
Start importing Assets/Graphics/Character/Idle (3).png using Guid(4e31a88fddba6cf40aea117c6fe5e8a9) Importer(2089858483,b0f066a214c2f5e87bad3c948f4d605d) (ScriptedImporter) -> (artifact id: 'c78deeeff6fdbd7f861163c6a9457fac') in 0.0265417 seconds
Number of updated asset objects reloaded before import = 0Number of asset objects unloaded after import = 3

========================================================================
Received Import Request.
  Time since last request: 0.000022 seconds.
  path: Assets/Graphics/Enemy/spike C.png
  artifactKey: Guid(3dcd6f97bdd33714fa81b3241e6a3a80) Importer(2089858483,b0f066a214c2f5e87bad3c948f4d605d)
Start importing Assets/Graphics/Enemy/spike C.png using Guid(3dcd6f97bdd33714fa81b3241e6a3a80) Importer(2089858483,b0f066a214c2f5e87bad3c948f4d605d) (ScriptedImporter) -> (artifact id: '57c3f40bfafb1873d6d9a6e32ece959b') in 0.0228977 seconds
Number of updated asset objects reloaded before import = 0Number of asset objects unloaded after import = 3

========================================================================
Received Import Request.
  Time since last request: 0.000024 seconds.
  path: Assets/Graphics/Character/Attack (2).png
  artifactKey: Guid(0ac3667dea7de444e943bbb1b3fac2b5) Importer(2089858483,b0f066a214c2f5e87bad3c948f4d605d)
Start importing Assets/Graphics/Character/Attack (2).png using Guid(0ac3667dea7de444e943bbb1b3fac2b5) Importer(2089858483,b0f066a214c2f5e87bad3c948f4d605d) (ScriptedImporter) -> (artifact id: 'cfa56ccd763e16a474d8d0c33692f671') in 0.0275123 seconds
Number of updated asset objects reloaded before import = 0Number of asset objects unloaded after import = 3

========================================================================
Received Import Request.
  Time since last request: 0.000033 seconds.
  path: Assets/Graphics/Enemy/8.png
  artifactKey: Guid(2b11110df43363b4caf5ad4eb0ff3158) Importer(2089858483,b0f066a214c2f5e87bad3c948f4d605d)
Start importing Assets/Graphics/Enemy/8.png using Guid(2b11110df43363b4caf5ad4eb0ff3158) Importer(2089858483,b0f066a214c2f5e87bad3c948f4d605d) (ScriptedImporter) -> (artifact id: '8f847b223386df75385f783a8022abfd') in 0.0257306 seconds
Number of updated asset objects reloaded before import = 0Number of asset objects unloaded after import = 3

========================================================================
Received Import Request.
  Time since last request: 0.000036 seconds.
  path: Assets/Graphics/Character/Attack (7).png
  artifactKey: Guid(c59593d7b134cd44bbdf065002fa2fe9) Importer(2089858483,b0f066a214c2f5e87bad3c948f4d605d)
Start importing Assets/Graphics/Character/Attack (7).png using Guid(c59593d7b134cd44bbdf065002fa2fe9) Importer(2089858483,b0f066a214c2f5e87bad3c948f4d605d) (ScriptedImporter) -> (artifact id: '7387de4bcfaab83e32672800b351285e') in 0.0296031 seconds
Number of updated asset objects reloaded before import = 0Number of asset objects unloaded after import = 3

========================================================================
Received Import Request.
  Time since last request: 0.000021 seconds.
  path: Assets/Graphics/Character/Idle (5).png
  artifactKey: Guid(090bcb5af9c72b44ba59cb340aa6c8b0) Importer(2089858483,b0f066a214c2f5e87bad3c948f4d605d)
Start importing Assets/Graphics/Character/Idle (5).png using Guid(090bcb5af9c72b44ba59cb340aa6c8b0) Importer(2089858483,b0f066a214c2f5e87bad3c948f4d605d) (ScriptedImporter) -> (artifact id: '7fcbcac975bda2dc2798583dd5f91385') in 0.0332735 seconds
Number of updated asset objects reloaded before import = 0Number of asset objects unloaded after import = 3

========================================================================
Received Import Request.
  Time since last request: 0.000041 seconds.
  path: Assets/_Recovery/0.unity
  artifactKey: Guid(5e4926808d004bc4c94db04be692f307) Importer(2089858483,b0f066a214c2f5e87bad3c948f4d605d)
Start importing Assets/_Recovery/0.unity using Guid(5e4926808d004bc4c94db04be692f307) Importer(2089858483,b0f066a214c2f5e87bad3c948f4d605d) (ScriptedImporter) -> (artifact id: '887a73a440f23307952ffffb41fabbb3') in 0.028761 seconds
Number of updated asset objects reloaded before import = 0Number of asset objects unloaded after import = 1

========================================================================
Received Import Request.
  Time since last request: 0.000078 seconds.
  path: Assets/Animators/FlowerEnemyController.controller
  artifactKey: Guid(bc2aa1ed445ce064a8dd8fb993e3f034) Importer(2089858483,b0f066a214c2f5e87bad3c948f4d605d)
Start importing Assets/Animators/FlowerEnemyController.controller using Guid(bc2aa1ed445ce064a8dd8fb993e3f034) Importer(2089858483,b0f066a214c2f5e87bad3c948f4d605d) (ScriptedImporter) -> (artifact id: '6bcc1572cef751926c2c074ae539d48d') in 0.0241847 seconds
Number of updated asset objects reloaded before import = 0Number of asset objects unloaded after import = 4

========================================================================
Received Import Request.
  Time since last request: 0.000070 seconds.
  path: Assets/Graphics/Character/Dead (6).png
  artifactKey: Guid(ac578091368f94648b1b7bc9b9157d01) Importer(2089858483,b0f066a214c2f5e87bad3c948f4d605d)
Start importing Assets/Graphics/Character/Dead (6).png using Guid(ac578091368f94648b1b7bc9b9157d01) Importer(2089858483,b0f066a214c2f5e87bad3c948f4d605d) (ScriptedImporter) -> (artifact id: 'dad27c035b585f741e032d9bee6d6251') in 0.0299634 seconds
Number of updated asset objects reloaded before import = 0Number of asset objects unloaded after import = 3

========================================================================
Received Import Request.
  Time since last request: 0.000023 seconds.
  path: Assets/Prefabs/Enemy/EdgeCheck.prefab
  artifactKey: Guid(73804ad61b3b3614ea0e19ecb98eff05) Importer(2089858483,b0f066a214c2f5e87bad3c948f4d605d)
Start importing Assets/Prefabs/Enemy/EdgeCheck.prefab using Guid(73804ad61b3b3614ea0e19ecb98eff05) Importer(2089858483,b0f066a214c2f5e87bad3c948f4d605d) (ScriptedImporter) -> (artifact id: '6f695a88881d18d394e4f00eacb66abf') in 0.0253564 seconds
Number of updated asset objects reloaded before import = 0Number of asset objects unloaded after import = 4

========================================================================
Received Import Request.
  Time since last request: 0.000028 seconds.
  path: Assets/Graphics/Character/Attack (4).png
  artifactKey: Guid(839a5738df53bef4ca5c8a6628405087) Importer(2089858483,b0f066a214c2f5e87bad3c948f4d605d)
Start importing Assets/Graphics/Character/Attack (4).png using Guid(839a5738df53bef4ca5c8a6628405087) Importer(2089858483,b0f066a214c2f5e87bad3c948f4d605d) (ScriptedImporter) -> (artifact id: '5133430ff53999647ebcd1db175e8932') in 0.0257502 seconds
Number of updated asset objects reloaded before import = 0Number of asset objects unloaded after import = 3

========================================================================
Received Import Request.
  Time since last request: 0.000027 seconds.
  path: Assets/Scripts/Enemy/SlimeMonsterControl.cs
  artifactKey: Guid(6f9aad45be0e7b348946c5a4da975cf1) Importer(2089858483,b0f066a214c2f5e87bad3c948f4d605d)
Start importing Assets/Scripts/Enemy/SlimeMonsterControl.cs using Guid(6f9aad45be0e7b348946c5a4da975cf1) Importer(2089858483,b0f066a214c2f5e87bad3c948f4d605d) (ScriptedImporter) -> (artifact id: '3bd216d12c89f2f8d210b6f127964ac7') in 0.0172045 seconds
Number of updated asset objects reloaded before import = 0Number of asset objects unloaded after import = 0

========================================================================
Received Import Request.
  Time since last request: 0.000116 seconds.
  path: Assets/Scripts/Enemy/WormEnemyControl.cs
  artifactKey: Guid(7eb2f5ba70d0a2045baa7122691f60b4) Importer(2089858483,b0f066a214c2f5e87bad3c948f4d605d)
Start importing Assets/Scripts/Enemy/WormEnemyControl.cs using Guid(7eb2f5ba70d0a2045baa7122691f60b4) Importer(2089858483,b0f066a214c2f5e87bad3c948f4d605d) (ScriptedImporter) -> (artifact id: '81a5b114bce31844c6b921c59535b1ab') in 0.0174398 seconds
Number of updated asset objects reloaded before import = 0Number of asset objects unloaded after import = 0

========================================================================
Received Import Request.
  Time since last request: 0.000035 seconds.
  path: Assets/TextMesh Pro/Shaders/TMP_Bitmap-Custom-Atlas.shader
  artifactKey: Guid(48bb5f55d8670e349b6e614913f9d910) Importer(2089858483,b0f066a214c2f5e87bad3c948f4d605d)
Start importing Assets/TextMesh Pro/Shaders/TMP_Bitmap-Custom-Atlas.shader using Guid(48bb5f55d8670e349b6e614913f9d910) Importer(2089858483,b0f066a214c2f5e87bad3c948f4d605d) (ScriptedImporter) -> (artifact id: 'cd80b9864cd6d4d4991999165ba28bdd') in 0.0222237 seconds
Number of updated asset objects reloaded before import = 0Number of asset objects unloaded after import = 1

========================================================================
Received Import Request.
  Time since last request: 0.000130 seconds.
  path: Assets/TextMesh Pro/Shaders/TMPro_Surface.cginc
  artifactKey: Guid(d930090c0cd643c7b55f19a38538c162) Importer(2089858483,b0f066a214c2f5e87bad3c948f4d605d)
Start importing Assets/TextMesh Pro/Shaders/TMPro_Surface.cginc using Guid(d930090c0cd643c7b55f19a38538c162) Importer(2089858483,b0f066a214c2f5e87bad3c948f4d605d) (ScriptedImporter) -> (artifact id: 'af4bf792ff7850ec0bf799cadaa58fa4') in 0.0165374 seconds
Number of updated asset objects reloaded before import = 0Number of asset objects unloaded after import = 1

========================================================================
Received Import Request.
  Time since last request: 0.000067 seconds.
  path: Assets/TextMesh Pro/Resources/LineBreaking Leading Characters.txt
  artifactKey: Guid(d82c1b31c7e74239bff1220585707d2b) Importer(2089858483,b0f066a214c2f5e87bad3c948f4d605d)
Start importing Assets/TextMesh Pro/Resources/LineBreaking Leading Characters.txt using Guid(d82c1b31c7e74239bff1220585707d2b) Importer(2089858483,b0f066a214c2f5e87bad3c948f4d605d) (ScriptedImporter) -> (artifact id: '622054f176a8e7edf228cb0035607e0a') in 0.0196136 seconds
Number of updated asset objects reloaded before import = 0Number of asset objects unloaded after import = 1

========================================================================
Received Import Request.
  Time since last request: 0.000040 seconds.
  path: Assets/Scripts/Enemy/GiveDamage.cs
  artifactKey: Guid(ae6e9f5908e10af499e0f6f187659937) Importer(2089858483,b0f066a214c2f5e87bad3c948f4d605d)
Start importing Assets/Scripts/Enemy/GiveDamage.cs using Guid(ae6e9f5908e10af499e0f6f187659937) Importer(2089858483,b0f066a214c2f5e87bad3c948f4d605d) (ScriptedImporter) -> (artifact id: '5ad0c64ba2eed4794c11f368d75f4608') in 0.0183698 seconds
Number of updated asset objects reloaded before import = 0Number of asset objects unloaded after import = 0

========================================================================
Received Import Request.
  Time since last request: 0.000113 seconds.
  path: Assets/Animations/Fall.anim
  artifactKey: Guid(11b9a727109180146b4daab64a7d6923) Importer(2089858483,b0f066a214c2f5e87bad3c948f4d605d)
Start importing Assets/Animations/Fall.anim using Guid(11b9a727109180146b4daab64a7d6923) Importer(2089858483,b0f066a214c2f5e87bad3c948f4d605d) (ScriptedImporter) -> (artifact id: 'cac8f42079b8296564cfd5bb4bc701cb') in 0.0168085 seconds
Number of updated asset objects reloaded before import = 0Number of asset objects unloaded after import = 1

========================================================================
Received Import Request.
  Time since last request: 0.000099 seconds.
  path: Assets/Prefabs/UI/PausedGameText.prefab
  artifactKey: Guid(aecf7b59cbab7af46bdca61fcc048335) Importer(2089858483,b0f066a214c2f5e87bad3c948f4d605d)
Start importing Assets/Prefabs/UI/PausedGameText.prefab using Guid(aecf7b59cbab7af46bdca61fcc048335) Importer(2089858483,b0f066a214c2f5e87bad3c948f4d605d) (ScriptedImporter) -> (artifact id: 'bbf286c953e6be0c41847c9a8302664e') in 0.0449824 seconds
Number of updated asset objects reloaded before import = 0Number of asset objects unloaded after import = 14

========================================================================
Received Import Request.
  Time since last request: 0.000021 seconds.
  path: Assets/Resources/Sounds/Hurt.wav
  artifactKey: Guid(efea57fa385eb5f46a0be933c23e3f01) Importer(2089858483,b0f066a214c2f5e87bad3c948f4d605d)
Start importing Assets/Resources/Sounds/Hurt.wav using Guid(efea57fa385eb5f46a0be933c23e3f01) Importer(2089858483,b0f066a214c2f5e87bad3c948f4d605d) (ScriptedImporter) -> (artifact id: 'bb3baac94ed0f8291f0bbc6a0e2a492a') in 0.0365864 seconds
Number of updated asset objects reloaded before import = 0Number of asset objects unloaded after import = 1

========================================================================
Received Import Request.
  Time since last request: 0.000022 seconds.
  path: Assets/Lean/Common/GUIDE.asset
  artifactKey: Guid(fee5243b4c3305f4393657b324b1a5c4) Importer(2089858483,b0f066a214c2f5e87bad3c948f4d605d)
Start importing Assets/Lean/Common/GUIDE.asset using Guid(fee5243b4c3305f4393657b324b1a5c4) Importer(2089858483,b0f066a214c2f5e87bad3c948f4d605d) (ScriptedImporter) -> (artifact id: 'd6867a1b7129bf55e9cb93156c8744b2') in 0.0213578 seconds
Number of updated asset objects reloaded before import = 0Number of asset objects unloaded after import = 2

========================================================================
Received Import Request.
  Time since last request: 0.000026 seconds.
  path: Assets/TextMesh Pro/Fonts/LiberationSans - OFL.txt
  artifactKey: Guid(6e59c59b81ab47f9b6ec5781fa725d2c) Importer(2089858483,b0f066a214c2f5e87bad3c948f4d605d)
Start importing Assets/TextMesh Pro/Fonts/LiberationSans - OFL.txt using Guid(6e59c59b81ab47f9b6ec5781fa725d2c) Importer(2089858483,b0f066a214c2f5e87bad3c948f4d605d) (ScriptedImporter) -> (artifact id: '2f96ff5638c75541704f11eb808f51a6') in 0.0182086 seconds
Number of updated asset objects reloaded before import = 0Number of asset objects unloaded after import = 1

========================================================================
Received Import Request.
  Time since last request: 0.000068 seconds.
  path: Assets/Graphics/Character/Jump (8).png
  artifactKey: Guid(883f2ce81c0432447bbc8e7c23a2a27b) Importer(2089858483,b0f066a214c2f5e87bad3c948f4d605d)
Start importing Assets/Graphics/Character/Jump (8).png using Guid(883f2ce81c0432447bbc8e7c23a2a27b) Importer(2089858483,b0f066a214c2f5e87bad3c948f4d605d) (ScriptedImporter) -> (artifact id: 'b5b98a8ffa293399d106d1e67c209a01') in 0.0266548 seconds
Number of updated asset objects reloaded before import = 0Number of asset objects unloaded after import = 3

========================================================================
Received Import Request.
  Time since last request: 0.000027 seconds.
  path: Assets/Graphics/Character/Idle (7).png
  artifactKey: Guid(3db4138fe1d5a1844a00d9c6880cee73) Importer(2089858483,b0f066a214c2f5e87bad3c948f4d605d)
Start importing Assets/Graphics/Character/Idle (7).png using Guid(3db4138fe1d5a1844a00d9c6880cee73) Importer(2089858483,b0f066a214c2f5e87bad3c948f4d605d) (ScriptedImporter) -> (artifact id: 'd69a644caefa564005f1e8dc48b3e366') in 0.0298749 seconds
Number of updated asset objects reloaded before import = 0Number of asset objects unloaded after import = 3

========================================================================
Received Import Request.
  Time since last request: 0.000019 seconds.
  path: Assets/Graphics/Character/Attack (9).png
  artifactKey: Guid(148308e67ec7c29419f1af67db3de38d) Importer(2089858483,b0f066a214c2f5e87bad3c948f4d605d)
Start importing Assets/Graphics/Character/Attack (9).png using Guid(148308e67ec7c29419f1af67db3de38d) Importer(2089858483,b0f066a214c2f5e87bad3c948f4d605d) (ScriptedImporter) -> (artifact id: '5050bc85fb28d4da87db44de321ed1e7') in 0.0274851 seconds
Number of updated asset objects reloaded before import = 0Number of asset objects unloaded after import = 3

========================================================================
Received Import Request.
  Time since last request: 0.000031 seconds.
  path: Assets/Graphics/Enemy/spike B.png
  artifactKey: Guid(eb5b4e6e462c5914b9e34f36bf2592b8) Importer(2089858483,b0f066a214c2f5e87bad3c948f4d605d)
Start importing Assets/Graphics/Enemy/spike B.png using Guid(eb5b4e6e462c5914b9e34f36bf2592b8) Importer(2089858483,b0f066a214c2f5e87bad3c948f4d605d) (ScriptedImporter) -> (artifact id: '8ca0778c9ea9093ac14a90887a951355') in 0.0224164 seconds
Number of updated asset objects reloaded before import = 0Number of asset objects unloaded after import = 3

========================================================================
Received Import Request.
  Time since last request: 0.000023 seconds.
  path: Assets/Prefabs/UI/HealthStatusCanvas.prefab
  artifactKey: Guid(16b1a6770e35c0f43a5dd9461af41427) Importer(2089858483,b0f066a214c2f5e87bad3c948f4d605d)
Start importing Assets/Prefabs/UI/HealthStatusCanvas.prefab using Guid(16b1a6770e35c0f43a5dd9461af41427) Importer(2089858483,b0f066a214c2f5e87bad3c948f4d605d) (ScriptedImporter) -> (artifact id: '7cce1f53e271be188ac5364f51110f34') in 0.0271452 seconds
Number of updated asset objects reloaded before import = 0Number of asset objects unloaded after import = 21

========================================================================
Received Import Request.
  Time since last request: 0.000022 seconds.
  path: Assets/Graphics/Enemy/3.png
  artifactKey: Guid(8ab2c8cdcfc1bd8479fa859705bac859) Importer(2089858483,b0f066a214c2f5e87bad3c948f4d605d)
Start importing Assets/Graphics/Enemy/3.png using Guid(8ab2c8cdcfc1bd8479fa859705bac859) Importer(2089858483,b0f066a214c2f5e87bad3c948f4d605d) (ScriptedImporter) -> (artifact id: '5c5dceb2051bd7f99d478e3a2c3ea8d3') in 0.0279452 seconds
Number of updated asset objects reloaded before import = 0Number of asset objects unloaded after import = 3

========================================================================
Received Import Request.
  Time since last request: 0.000021 seconds.
  path: Assets/Lean/Localization/GUIDE.asset
  artifactKey: Guid(ec23661f2893424458ca8e19dd255fc6) Importer(2089858483,b0f066a214c2f5e87bad3c948f4d605d)
Start importing Assets/Lean/Localization/GUIDE.asset using Guid(ec23661f2893424458ca8e19dd255fc6) Importer(2089858483,b0f066a214c2f5e87bad3c948f4d605d) (ScriptedImporter) -> (artifact id: '2cf25e3d93d2bcb6faaed23d3376fab9') in 0.0229379 seconds
Number of updated asset objects reloaded before import = 0Number of asset objects unloaded after import = 2

========================================================================
Received Import Request.
  Time since last request: 0.000064 seconds.
  path: Assets/Graphics/Character/Fall (1).png
  artifactKey: Guid(30b2189a1239c89429e5d440b3c27699) Importer(2089858483,b0f066a214c2f5e87bad3c948f4d605d)
Start importing Assets/Graphics/Character/Fall (1).png using Guid(30b2189a1239c89429e5d440b3c27699) Importer(2089858483,b0f066a214c2f5e87bad3c948f4d605d) (ScriptedImporter) -> (artifact id: 'd29b783b0aeb8389f148fbb67c8e41ab') in 0.0272066 seconds
Number of updated asset objects reloaded before import = 0Number of asset objects unloaded after import = 3

========================================================================
Received Import Request.
  Time since last request: 0.000029 seconds.
  path: Assets/Scripts/Enemy/SpikeWormControl.cs
  artifactKey: Guid(7f5a08a06d7370b4aaf6da2fcc186b6a) Importer(2089858483,b0f066a214c2f5e87bad3c948f4d605d)
Start importing Assets/Scripts/Enemy/SpikeWormControl.cs using Guid(7f5a08a06d7370b4aaf6da2fcc186b6a) Importer(2089858483,b0f066a214c2f5e87bad3c948f4d605d) (ScriptedImporter) -> (artifact id: '640c428c53cd5932890f53d35884ee3d') in 0.0168292 seconds
Number of updated asset objects reloaded before import = 0Number of asset objects unloaded after import = 0

========================================================================
Received Import Request.
  Time since last request: 0.000057 seconds.
  path: Assets/Graphics/Character/Dead (4).png
  artifactKey: Guid(4eb50d6e391ff0d418e60c2b3ec8f533) Importer(2089858483,b0f066a214c2f5e87bad3c948f4d605d)
Start importing Assets/Graphics/Character/Dead (4).png using Guid(4eb50d6e391ff0d418e60c2b3ec8f533) Importer(2089858483,b0f066a214c2f5e87bad3c948f4d605d) (ScriptedImporter) -> (artifact id: 'f267676ce50eef2e87312baf72f1dd77') in 0.0292436 seconds
Number of updated asset objects reloaded before import = 0Number of asset objects unloaded after import = 3

========================================================================
Received Import Request.
  Time since last request: 0.000020 seconds.
  path: Assets/TextMesh Pro/Shaders/TMP_Bitmap.shader
  artifactKey: Guid(128e987d567d4e2c824d754223b3f3b0) Importer(2089858483,b0f066a214c2f5e87bad3c948f4d605d)
Start importing Assets/TextMesh Pro/Shaders/TMP_Bitmap.shader using Guid(128e987d567d4e2c824d754223b3f3b0) Importer(2089858483,b0f066a214c2f5e87bad3c948f4d605d) (ScriptedImporter) -> (artifact id: '70364a807cd63f21d67b590e6e8a2086') in 0.0186094 seconds
Number of updated asset objects reloaded before import = 0Number of asset objects unloaded after import = 1

========================================================================
Received Import Request.
  Time since last request: 0.000098 seconds.
  path: Assets/TextMesh Pro/Shaders/TMP_SDF.shader
  artifactKey: Guid(68e6db2ebdc24f95958faec2be5558d6) Importer(2089858483,b0f066a214c2f5e87bad3c948f4d605d)
Start importing Assets/TextMesh Pro/Shaders/TMP_SDF.shader using Guid(68e6db2ebdc24f95958faec2be5558d6) Importer(2089858483,b0f066a214c2f5e87bad3c948f4d605d) (ScriptedImporter) -> (artifact id: '79a939f4e9d0786b2ab94309dd2e876b') in 0.0167858 seconds
Number of updated asset objects reloaded before import = 0Number of asset objects unloaded after import = 1

========================================================================
Received Import Request.
  Time since last request: 0.000115 seconds.
  path: Assets/Graphics/UI/png/tr.png
  artifactKey: Guid(7930a7179456ea34085890a5c9651928) Importer(2089858483,b0f066a214c2f5e87bad3c948f4d605d)
Start importing Assets/Graphics/UI/png/tr.png using Guid(7930a7179456ea34085890a5c9651928) Importer(2089858483,b0f066a214c2f5e87bad3c948f4d605d) (ScriptedImporter) -> (artifact id: '3d6cc5717a75ea4f624c378dcb61b036') in 0.0252596 seconds
Number of updated asset objects reloaded before import = 0Number of asset objects unloaded after import = 3

========================================================================
Received Import Request.
  Time since last request: 0.000030 seconds.
  path: Assets/TextMesh Pro/Sprites/EmojiOne.json
  artifactKey: Guid(8f05276190cf498a8153f6cbe761d4e6) Importer(2089858483,b0f066a214c2f5e87bad3c948f4d605d)
Start importing Assets/TextMesh Pro/Sprites/EmojiOne.json using Guid(8f05276190cf498a8153f6cbe761d4e6) Importer(2089858483,b0f066a214c2f5e87bad3c948f4d605d) (ScriptedImporter) -> (artifact id: '3da64faceff5a2bf7d6f6b952beeddec') in 0.0165383 seconds
Number of updated asset objects reloaded before import = 0Number of asset objects unloaded after import = 1

========================================================================
Received Import Request.
  Time since last request: 0.000113 seconds.
  path: Assets/Graphics/Level/png/BG.png
  artifactKey: Guid(18e0ca1ff661af6458c288cc040a64e5) Importer(2089858483,b0f066a214c2f5e87bad3c948f4d605d)
Start importing Assets/Graphics/Level/png/BG.png using Guid(18e0ca1ff661af6458c288cc040a64e5) Importer(2089858483,b0f066a214c2f5e87bad3c948f4d605d) (ScriptedImporter) -> (artifact id: 'e25bd59302699679e14a88fdb50e8749') in 0.0477865 seconds
Number of updated asset objects reloaded before import = 0Number of asset objects unloaded after import = 3

========================================================================
Received Import Request.
  Time since last request: 0.000023 seconds.
  path: Assets/TextMesh Pro/Shaders/TMP_SDF-Mobile Overlay.shader
  artifactKey: Guid(a02a7d8c237544f1962732b55a9aebf1) Importer(2089858483,b0f066a214c2f5e87bad3c948f4d605d)
Start importing Assets/TextMesh Pro/Shaders/TMP_SDF-Mobile Overlay.shader using Guid(a02a7d8c237544f1962732b55a9aebf1) Importer(2089858483,b0f066a214c2f5e87bad3c948f4d605d) (ScriptedImporter) -> (artifact id: 'a173f9c6d2e2db55902ae7cea8f3fba0') in 0.0197817 seconds
Number of updated asset objects reloaded before import = 0Number of asset objects unloaded after import = 1

========================================================================
Received Import Request.
  Time since last request: 0.000103 seconds.
  path: Assets/Graphics/UI/png/Button.png
  artifactKey: Guid(39d5459b7364f514dbb3823487d40254) Importer(2089858483,b0f066a214c2f5e87bad3c948f4d605d)
Start importing Assets/Graphics/UI/png/Button.png using Guid(39d5459b7364f514dbb3823487d40254) Importer(2089858483,b0f066a214c2f5e87bad3c948f4d605d) (ScriptedImporter) -> (artifact id: '3eae02ce24a72b9c753a4945089e74aa') in 0.0317866 seconds
Number of updated asset objects reloaded before import = 0Number of asset objects unloaded after import = 10

========================================================================
Received Import Request.
  Time since last request: 0.000023 seconds.
  path: Assets/Graphics/Level/vector/Tile.eps
  artifactKey: Guid(0a35678419b0ed84e8087be617a4e1c6) Importer(2089858483,b0f066a214c2f5e87bad3c948f4d605d)
Start importing Assets/Graphics/Level/vector/Tile.eps using Guid(0a35678419b0ed84e8087be617a4e1c6) Importer(2089858483,b0f066a214c2f5e87bad3c948f4d605d) (ScriptedImporter) -> (artifact id: 'ede51f3843b69ba24076121209dd024b') in 0.0165687 seconds
Number of updated asset objects reloaded before import = 0Number of asset objects unloaded after import = 1

========================================================================
Received Import Request.
  Time since last request: 0.000043 seconds.
  path: Assets/Graphics/UI/png/OpeningBG.png
  artifactKey: Guid(868f95b2a7b4627498b1ba674412e12b) Importer(2089858483,b0f066a214c2f5e87bad3c948f4d605d)
Start importing Assets/Graphics/UI/png/OpeningBG.png using Guid(868f95b2a7b4627498b1ba674412e12b) Importer(2089858483,b0f066a214c2f5e87bad3c948f4d605d) (ScriptedImporter) -> (artifact id: '8c6d4b460c6eb03e39be04bb8a3d4aad') in 0.0284593 seconds
Number of updated asset objects reloaded before import = 0Number of asset objects unloaded after import = 3

========================================================================
Received Import Request.
  Time since last request: 0.000031 seconds.
  path: Assets/Graphics/UI/png/en.png
  artifactKey: Guid(2251fb8362243ab45973bb12ed257572) Importer(2089858483,b0f066a214c2f5e87bad3c948f4d605d)
Start importing Assets/Graphics/UI/png/en.png using Guid(2251fb8362243ab45973bb12ed257572) Importer(2089858483,b0f066a214c2f5e87bad3c948f4d605d) (ScriptedImporter) -> (artifact id: 'b4805343f073341b10039f2162a1d90e') in 0.0461367 seconds
Number of updated asset objects reloaded before import = 0Number of asset objects unloaded after import = 3

========================================================================
Received Import Request.
  Time since last request: 0.000021 seconds.
  path: Assets/TextMesh Pro/Shaders/TMP_SDF-Mobile Masking.shader
  artifactKey: Guid(bc1ede39bf3643ee8e493720e4259791) Importer(2089858483,b0f066a214c2f5e87bad3c948f4d605d)
Start importing Assets/TextMesh Pro/Shaders/TMP_SDF-Mobile Masking.shader using Guid(bc1ede39bf3643ee8e493720e4259791) Importer(2089858483,b0f066a214c2f5e87bad3c948f4d605d) (ScriptedImporter) -> (artifact id: '986e7a897e6ced6d39c7f758d0881faf') in 0.0173847 seconds
Number of updated asset objects reloaded before import = 0Number of asset objects unloaded after import = 1

========================================================================
Received Import Request.
  Time since last request: 0.000070 seconds.
  path: Assets/TextMesh Pro/Sprites/EmojiOne Attribution.txt
  artifactKey: Guid(381dcb09d5029d14897e55f98031fca5) Importer(2089858483,b0f066a214c2f5e87bad3c948f4d605d)
Start importing Assets/TextMesh Pro/Sprites/EmojiOne Attribution.txt using Guid(381dcb09d5029d14897e55f98031fca5) Importer(2089858483,b0f066a214c2f5e87bad3c948f4d605d) (ScriptedImporter) -> (artifact id: 'c6238d1f1382c0779d08e6c7df7a8041') in 0.0228321 seconds
Number of updated asset objects reloaded before import = 0Number of asset objects unloaded after import = 1

========================================================================
Received Import Request.
  Time since last request: 0.000076 seconds.
  path: Assets/Graphics/Enemy/18.png
  artifactKey: Guid(9052d6e137e87e2438fc5c945adc8852) Importer(2089858483,b0f066a214c2f5e87bad3c948f4d605d)
Start importing Assets/Graphics/Enemy/18.png using Guid(9052d6e137e87e2438fc5c945adc8852) Importer(2089858483,b0f066a214c2f5e87bad3c948f4d605d) (ScriptedImporter) -> (artifact id: 'c4cd00546c6842cf1760f9769c76de57') in 0.7366191 seconds
Number of updated asset objects reloaded before import = 0Number of asset objects unloaded after import = 3

========================================================================
Received Import Request.
  Time since last request: 0.000031 seconds.
  path: Assets/TextMesh Pro/Shaders/TMP_SDF-Mobile SSD.shader
  artifactKey: Guid(c8d12adcee749c344b8117cf7c7eb912) Importer(2089858483,b0f066a214c2f5e87bad3c948f4d605d)
Start importing Assets/TextMesh Pro/Shaders/TMP_SDF-Mobile SSD.shader using Guid(c8d12adcee749c344b8117cf7c7eb912) Importer(2089858483,b0f066a214c2f5e87bad3c948f4d605d) (ScriptedImporter) -> (artifact id: 'b3f85dc4e8892dee37ca2f14622465e6') in 0.0163115 seconds
Number of updated asset objects reloaded before import = 0Number of asset objects unloaded after import = 1

========================================================================
Received Import Request.
  Time since last request: 0.000045 seconds.
  path: Assets/Graphics/Character/Jump (4).png
  artifactKey: Guid(b82cd6a04af211b45aedeed84ff44534) Importer(2089858483,b0f066a214c2f5e87bad3c948f4d605d)
Start importing Assets/Graphics/Character/Jump (4).png using Guid(b82cd6a04af211b45aedeed84ff44534) Importer(2089858483,b0f066a214c2f5e87bad3c948f4d605d) (ScriptedImporter) -> (artifact id: '620bea0eb1279f8acdbbe428c7b492ee') in 0.2215598 seconds
Number of updated asset objects reloaded before import = 0Number of asset objects unloaded after import = 3

========================================================================
Received Import Request.
  Time since last request: 0.000045 seconds.
  path: Assets/Graphics/Level/cdr/Tile.cdr
  artifactKey: Guid(01c29c1b65a41014a8751100bbffc95b) Importer(2089858483,b0f066a214c2f5e87bad3c948f4d605d)
Start importing Assets/Graphics/Level/cdr/Tile.cdr using Guid(01c29c1b65a41014a8751100bbffc95b) Importer(2089858483,b0f066a214c2f5e87bad3c948f4d605d) (ScriptedImporter) -> (artifact id: '6aff191450dc7262479f9f3d905fd0c7') in 0.0485752 seconds
Number of updated asset objects reloaded before import = 0Number of asset objects unloaded after import = 1

========================================================================
Received Import Request.
  Time since last request: 0.000100 seconds.
  path: Assets/Lean/Common/Extras/LeanSelectableGraphicColor.cs
  artifactKey: Guid(0e3837cd44482a8459c76be5c56a41d3) Importer(2089858483,b0f066a214c2f5e87bad3c948f4d605d)
Start importing Assets/Lean/Common/Extras/LeanSelectableGraphicColor.cs using Guid(0e3837cd44482a8459c76be5c56a41d3) Importer(2089858483,b0f066a214c2f5e87bad3c948f4d605d) (ScriptedImporter) -> (artifact id: 'ac8ba65f6a39812c2a835e24b2428233') in 0.0199789 seconds
Number of updated asset objects reloaded before import = 0Number of asset objects unloaded after import = 0

========================================================================
Received Import Request.
  Time since last request: 0.000214 seconds.
  path: Assets/Lean/Common/Extras/LeanSpawn.cs
  artifactKey: Guid(3bb775feca211c748b48cd3f9b59a4cf) Importer(2089858483,b0f066a214c2f5e87bad3c948f4d605d)
Start importing Assets/Lean/Common/Extras/LeanSpawn.cs using Guid(3bb775feca211c748b48cd3f9b59a4cf) Importer(2089858483,b0f066a214c2f5e87bad3c948f4d605d) (ScriptedImporter) -> (artifact id: '76e72d5ecc0f12279d42ef557b9f3c7b') in 0.0260348 seconds
Number of updated asset objects reloaded before import = 0Number of asset objects unloaded after import = 0

========================================================================
Received Import Request.
  Time since last request: 0.000072 seconds.
  path: Assets/Lean/Common/Scripts/LeanInput.cs
  artifactKey: Guid(5d7cb908f09132640b4ef9497b45e0c0) Importer(2089858483,b0f066a214c2f5e87bad3c948f4d605d)
Start importing Assets/Lean/Common/Scripts/LeanInput.cs using Guid(5d7cb908f09132640b4ef9497b45e0c0) Importer(2089858483,b0f066a214c2f5e87bad3c948f4d605d) (ScriptedImporter) -> (artifact id: '67e1746806859847a00ec36eb9812039') in 0.0213144 seconds
Number of updated asset objects reloaded before import = 0Number of asset objects unloaded after import = 0

========================================================================
Received Import Request.
  Time since last request: 0.000123 seconds.
  path: Assets/Lean/Common/Extras/LeanSelectableRendererColor.cs
  artifactKey: Guid(2baa936f016a9a14e86ac8ea42211f4a) Importer(2089858483,b0f066a214c2f5e87bad3c948f4d605d)
Start importing Assets/Lean/Common/Extras/LeanSelectableRendererColor.cs using Guid(2baa936f016a9a14e86ac8ea42211f4a) Importer(2089858483,b0f066a214c2f5e87bad3c948f4d605d) (ScriptedImporter) -> (artifact id: '2c56cda8a462fa6818d93f41b1f04522') in 0.0186582 seconds
Number of updated asset objects reloaded before import = 0Number of asset objects unloaded after import = 0

========================================================================
Received Import Request.
  Time since last request: 0.000181 seconds.
  path: Assets/Lean/Common/Scripts/LeanInspector.cs
  artifactKey: Guid(c51842c9aba23b548a212740fe66b48c) Importer(2089858483,b0f066a214c2f5e87bad3c948f4d605d)
Start importing Assets/Lean/Common/Scripts/LeanInspector.cs using Guid(c51842c9aba23b548a212740fe66b48c) Importer(2089858483,b0f066a214c2f5e87bad3c948f4d605d) (ScriptedImporter) -> (artifact id: 'e3d4c5f8bd5db8af87cda5b22dcea49d') in 0.0165688 seconds
Number of updated asset objects reloaded before import = 0Number of asset objects unloaded after import = 0

========================================================================
Received Import Request.
  Time since last request: 0.000953 seconds.
  path: Assets/Lean/Common/Extras/LeanSelectableSpriteRendererColor.cs
  artifactKey: Guid(a45146ec471801c4dbce44f8dd62608f) Importer(2089858483,b0f066a214c2f5e87bad3c948f4d605d)
Start importing Assets/Lean/Common/Extras/LeanSelectableSpriteRendererColor.cs using Guid(a45146ec471801c4dbce44f8dd62608f) Importer(2089858483,b0f066a214c2f5e87bad3c948f4d605d) (ScriptedImporter) -> (artifact id: '6c9eb8f35147105e07490392f8723367') in 0.0180122 seconds
Number of updated asset objects reloaded before import = 0Number of asset objects unloaded after import = 0

========================================================================
Received Import Request.
  Time since last request: 0.000092 seconds.
  path: Assets/Lean/Common/Extras/LeanFormatString.cs
  artifactKey: Guid(b7efa857135ee3242bb57cd8a91087c8) Importer(2089858483,b0f066a214c2f5e87bad3c948f4d605d)
Start importing Assets/Lean/Common/Extras/LeanFormatString.cs using Guid(b7efa857135ee3242bb57cd8a91087c8) Importer(2089858483,b0f066a214c2f5e87bad3c948f4d605d) (ScriptedImporter) -> (artifact id: '9d6d29659a515263a66ed403267f2161') in 0.0271037 seconds
Number of updated asset objects reloaded before import = 0Number of asset objects unloaded after import = 0

========================================================================
Received Import Request.
  Time since last request: 0.000160 seconds.
  path: Assets/Graphics/UI/svg/Windows.svg
  artifactKey: Guid(767697f121236674785c4b897b7195ce) Importer(2089858483,b0f066a214c2f5e87bad3c948f4d605d)
Start importing Assets/Graphics/UI/svg/Windows.svg using Guid(767697f121236674785c4b897b7195ce) Importer(2089858483,b0f066a214c2f5e87bad3c948f4d605d) (ScriptedImporter) -> (artifact id: 'fcebefeacf68c2e4ed4b18b9ece42dc6') in 0.2870551 seconds
Number of updated asset objects reloaded before import = 0Number of asset objects unloaded after import = 2

========================================================================
Received Import Request.
  Time since last request: 1.304569 seconds.
  path: Assets/Lean/Localization/Examples/03 Text.unity
  artifactKey: Guid(9a10fc8abd4f7194c9aefa85387d1d2c) Importer(2089858483,b0f066a214c2f5e87bad3c948f4d605d)
Start importing Assets/Lean/Localization/Examples/03 Text.unity using Guid(9a10fc8abd4f7194c9aefa85387d1d2c) Importer(2089858483,b0f066a214c2f5e87bad3c948f4d605d) (ScriptedImporter) -> (artifact id: 'd5c5def8ffc8e1a94469e8395ebac5cb') in 0.0380761 seconds
Number of updated asset objects reloaded before import = 13Number of asset objects unloaded after import = 1

========================================================================
Received Import Request.
  Time since last request: 0.000032 seconds.
  path: Assets/Lean/Localization/Examples/10 Organization.unity
  artifactKey: Guid(97f494be067d71f40997356698708501) Importer(2089858483,b0f066a214c2f5e87bad3c948f4d605d)
Start importing Assets/Lean/Localization/Examples/10 Organization.unity using Guid(97f494be067d71f40997356698708501) Importer(2089858483,b0f066a214c2f5e87bad3c948f4d605d) (ScriptedImporter) -> (artifact id: '5f6ac8e4872910c9452e17a75546421a') in 0.0227867 seconds
Number of updated asset objects reloaded before import = 0Number of asset objects unloaded after import = 1

========================================================================
Received Import Request.
  Time since last request: 0.000102 seconds.
  path: Assets/Lean/Localization/Examples/07 Token (Formatted Text).unity
  artifactKey: Guid(259245585b57ae24e8342ef4ab6c95df) Importer(2089858483,b0f066a214c2f5e87bad3c948f4d605d)
Start importing Assets/Lean/Localization/Examples/07 Token (Formatted Text).unity using Guid(259245585b57ae24e8342ef4ab6c95df) Importer(2089858483,b0f066a214c2f5e87bad3c948f4d605d) (ScriptedImporter) -> (artifact id: 'f80934823fbe8800b3f34b7b92a9e061') in 0.0213998 seconds
Number of updated asset objects reloaded before import = 0Number of asset objects unloaded after import = 1

========================================================================
Received Import Request.
  Time since last request: 0.000243 seconds.
  path: Assets/Lean/Localization/Examples/11 Prefabs.unity
  artifactKey: Guid(01da3a71c3c89ae4b846bad483d64a92) Importer(2089858483,b0f066a214c2f5e87bad3c948f4d605d)
Start importing Assets/Lean/Localization/Examples/11 Prefabs.unity using Guid(01da3a71c3c89ae4b846bad483d64a92) Importer(2089858483,b0f066a214c2f5e87bad3c948f4d605d) (ScriptedImporter) -> (artifact id: '9dfd15d2f608f3f92e940d925447324b') in 0.0228895 seconds
Number of updated asset objects reloaded before import = 0Number of asset objects unloaded after import = 1

========================================================================
Received Import Request.
  Time since last request: 0.000072 seconds.
  path: Assets/Lean/Localization/Examples/13 Debug.unity
  artifactKey: Guid(e649adc71337bb947831796eed3eb390) Importer(2089858483,b0f066a214c2f5e87bad3c948f4d605d)
Start importing Assets/Lean/Localization/Examples/13 Debug.unity using Guid(e649adc71337bb947831796eed3eb390) Importer(2089858483,b0f066a214c2f5e87bad3c948f4d605d) (ScriptedImporter) -> (artifact id: '6d1803fc41b17a60975c140f4d891b3a') in 0.0203683 seconds
Number of updated asset objects reloaded before import = 0Number of asset objects unloaded after import = 1

========================================================================
Received Import Request.
  Time since last request: 0.000134 seconds.
  path: Assets/Lean/Localization/Examples/05 Image.unity
  artifactKey: Guid(fcac539a22d6e344cb6f7e52d9a49f10) Importer(2089858483,b0f066a214c2f5e87bad3c948f4d605d)
Start importing Assets/Lean/Localization/Examples/05 Image.unity using Guid(fcac539a22d6e344cb6f7e52d9a49f10) Importer(2089858483,b0f066a214c2f5e87bad3c948f4d605d) (ScriptedImporter) -> (artifact id: 'feb1e668fb57805a07ddcafe7bbd624c') in 0.021065 seconds
Number of updated asset objects reloaded before import = 0Number of asset objects unloaded after import = 1

========================================================================
Received Import Request.
  Time since last request: 0.334337 seconds.
  path: Assets/Lean/Localization/Languages/Chinese.prefab
  artifactKey: Guid(0b402d229c8451245b63baec8f5eee3a) Importer(2089858483,b0f066a214c2f5e87bad3c948f4d605d)
Start importing Assets/Lean/Localization/Languages/Chinese.prefab using Guid(0b402d229c8451245b63baec8f5eee3a) Importer(2089858483,b0f066a214c2f5e87bad3c948f4d605d) (ScriptedImporter) -> (artifact id: '2809257f2c67cd5acdc86cd3e5293327') in 0.0322394 seconds
Number of updated asset objects reloaded before import = 0Number of asset objects unloaded after import = 5

========================================================================
Received Import Request.
  Time since last request: 0.000029 seconds.
  path: Assets/Lean/Localization/Languages/Italian.prefab
  artifactKey: Guid(6ce49b6a86dedf943ab7d45ec2375ae0) Importer(2089858483,b0f066a214c2f5e87bad3c948f4d605d)
Start importing Assets/Lean/Localization/Languages/Italian.prefab using Guid(6ce49b6a86dedf943ab7d45ec2375ae0) Importer(2089858483,b0f066a214c2f5e87bad3c948f4d605d) (ScriptedImporter) -> (artifact id: '0b409757de558b50f94eb88029c0c2e3') in 0.0260455 seconds
Number of updated asset objects reloaded before import = 0Number of asset objects unloaded after import = 5

========================================================================
Received Import Request.
  Time since last request: 0.000062 seconds.
  path: Assets/Lean/Localization/Languages/French.prefab
  artifactKey: Guid(3ac841b7dad7d0a45bd0e21e9da426a1) Importer(2089858483,b0f066a214c2f5e87bad3c948f4d605d)
Start importing Assets/Lean/Localization/Languages/French.prefab using Guid(3ac841b7dad7d0a45bd0e21e9da426a1) Importer(2089858483,b0f066a214c2f5e87bad3c948f4d605d) (ScriptedImporter) -> (artifact id: '83141a9bd0827bb1351c299fd2f3e22b') in 0.0253882 seconds
Number of updated asset objects reloaded before import = 0Number of asset objects unloaded after import = 5

========================================================================
Received Import Request.
  Time since last request: 0.000029 seconds.
  path: Assets/Lean/Localization/Languages/Korean.prefab
  artifactKey: Guid(30a3bd0f941f9f249b5d05be35e9e39c) Importer(2089858483,b0f066a214c2f5e87bad3c948f4d605d)
Start importing Assets/Lean/Localization/Languages/Korean.prefab using Guid(30a3bd0f941f9f249b5d05be35e9e39c) Importer(2089858483,b0f066a214c2f5e87bad3c948f4d605d) (ScriptedImporter) -> (artifact id: '8579c4f03c8ecd29a3cedb8f9465545c') in 0.0223896 seconds
Number of updated asset objects reloaded before import = 0Number of asset objects unloaded after import = 5

========================================================================
Received Import Request.
  Time since last request: 0.000059 seconds.
  path: Assets/Lean/Localization/Languages/German.prefab
  artifactKey: Guid(72996ab11fe463149bc90e287a08077d) Importer(2089858483,b0f066a214c2f5e87bad3c948f4d605d)
Start importing Assets/Lean/Localization/Languages/German.prefab using Guid(72996ab11fe463149bc90e287a08077d) Importer(2089858483,b0f066a214c2f5e87bad3c948f4d605d) (ScriptedImporter) -> (artifact id: 'a7775db2cbf427363aac0c5504c0c148') in 0.0198874 seconds
Number of updated asset objects reloaded before import = 0Number of asset objects unloaded after import = 5

========================================================================
Received Import Request.
  Time since last request: 0.372471 seconds.
  path: Assets/Lean/Localization/Scripts/ILocalizationHandler.cs
  artifactKey: Guid(20b53124be80b1f45b21d46b28377869) Importer(2089858483,b0f066a214c2f5e87bad3c948f4d605d)
Start importing Assets/Lean/Localization/Scripts/ILocalizationHandler.cs using Guid(20b53124be80b1f45b21d46b28377869) Importer(2089858483,b0f066a214c2f5e87bad3c948f4d605d) (ScriptedImporter) -> (artifact id: 'a0bd61105be0e3038d0757a561a54853') in 0.0252045 seconds
Number of updated asset objects reloaded before import = 0Number of asset objects unloaded after import = 0

========================================================================
Received Import Request.
  Time since last request: 0.000162 seconds.
  path: Assets/Lean/Localization/Scripts/LeanLocalToken.cs
  artifactKey: Guid(745231fbdbf586e4298534ca1ae2f92d) Importer(2089858483,b0f066a214c2f5e87bad3c948f4d605d)
Start importing Assets/Lean/Localization/Scripts/LeanLocalToken.cs using Guid(745231fbdbf586e4298534ca1ae2f92d) Importer(2089858483,b0f066a214c2f5e87bad3c948f4d605d) (ScriptedImporter) -> (artifact id: 'c068e66fe5088793e53a02efb8314983') in 0.0217591 seconds
Number of updated asset objects reloaded before import = 0Number of asset objects unloaded after import = 0

========================================================================
Received Import Request.
  Time since last request: 0.000170 seconds.
  path: Assets/Lean/Localization/Scripts/LeanPrefab.cs
  artifactKey: Guid(a580c5d337407a9439b51424c8590dd3) Importer(2089858483,b0f066a214c2f5e87bad3c948f4d605d)
Start importing Assets/Lean/Localization/Scripts/LeanPrefab.cs using Guid(a580c5d337407a9439b51424c8590dd3) Importer(2089858483,b0f066a214c2f5e87bad3c948f4d605d) (ScriptedImporter) -> (artifact id: '0c1bfedf0906d5cb7cf1fc4d5b39f952') in 0.0244408 seconds
Number of updated asset objects reloaded before import = 0Number of asset objects unloaded after import = 0

========================================================================
Received Import Request.
  Time since last request: 0.001045 seconds.
  path: Assets/Lean/Localization/Scripts/LeanLocalization.cs
  artifactKey: Guid(806f0696300aeac44a0e17efee222854) Importer(2089858483,b0f066a214c2f5e87bad3c948f4d605d)
Start importing Assets/Lean/Localization/Scripts/LeanLocalization.cs using Guid(806f0696300aeac44a0e17efee222854) Importer(2089858483,b0f066a214c2f5e87bad3c948f4d605d) (ScriptedImporter) -> (artifact id: '875be14a6b3994e28e8b874d3c0bacb3') in 0.0305699 seconds
Number of updated asset objects reloaded before import = 0Number of asset objects unloaded after import = 0

========================================================================
Received Import Request.
  Time since last request: 0.395009 seconds.
  path: Assets/Lean/Localization/Scripts/LeanTranslation.cs
  artifactKey: Guid(262535ccf26608d488744fb304c45389) Importer(2089858483,b0f066a214c2f5e87bad3c948f4d605d)
Start importing Assets/Lean/Localization/Scripts/LeanTranslation.cs using Guid(262535ccf26608d488744fb304c45389) Importer(2089858483,b0f066a214c2f5e87bad3c948f4d605d) (ScriptedImporter) -> (artifact id: '1c75a29d8287023d07418350a4a878c1') in 0.0231293 seconds
Number of updated asset objects reloaded before import = 0Number of asset objects unloaded after import = 0

========================================================================
Received Import Request.
  Time since last request: 0.000166 seconds.
  path: Assets/Prefabs/Enemy/Level-1/FlowerEnemy.prefab
  artifactKey: Guid(7d20dfaf317b41f40a715b70055273b8) Importer(2089858483,b0f066a214c2f5e87bad3c948f4d605d)
Start importing Assets/Prefabs/Enemy/Level-1/FlowerEnemy.prefab using Guid(7d20dfaf317b41f40a715b70055273b8) Importer(2089858483,b0f066a214c2f5e87bad3c948f4d605d) (ScriptedImporter) -> (artifact id: '192b552be65ec82fb69d9d2b2b592d84') in 0.0433177 seconds
Number of updated asset objects reloaded before import = 0Number of asset objects unloaded after import = 26

========================================================================
Received Import Request.
  Time since last request: 0.000034 seconds.
  path: Assets/Prefabs/Enemy/Level-2/SpikeWorm.prefab
  artifactKey: Guid(dc01083d65598da4c9d5aeb4d5889c4b) Importer(2089858483,b0f066a214c2f5e87bad3c948f4d605d)
Start importing Assets/Prefabs/Enemy/Level-2/SpikeWorm.prefab using Guid(dc01083d65598da4c9d5aeb4d5889c4b) Importer(2089858483,b0f066a214c2f5e87bad3c948f4d605d) (ScriptedImporter) -> (artifact id: '5fada42f0b0715e29f09776aec13e712') in 0.0394298 seconds
Number of updated asset objects reloaded before import = 0Number of asset objects unloaded after import = 26

========================================================================
Received Import Request.
  Time since last request: 0.000034 seconds.
  path: Assets/Prefabs/Enemy/Level-1/SlimeMonster.prefab
  artifactKey: Guid(06d5359b027060b449c279e21996dd4b) Importer(2089858483,b0f066a214c2f5e87bad3c948f4d605d)
Start importing Assets/Prefabs/Enemy/Level-1/SlimeMonster.prefab using Guid(06d5359b027060b449c279e21996dd4b) Importer(2089858483,b0f066a214c2f5e87bad3c948f4d605d) (ScriptedImporter) -> (artifact id: '1f72f9c12aa2595286ed049bcd1d36d4') in 0.0323524 seconds
Number of updated asset objects reloaded before import = 0Number of asset objects unloaded after import = 21

========================================================================
Received Import Request.
  Time since last request: 0.355221 seconds.
  path: Assets/Prefabs/Level/Common/HealthPotion.prefab
  artifactKey: Guid(24aa79f770431604a81ced7f46440e98) Importer(2089858483,b0f066a214c2f5e87bad3c948f4d605d)
Start importing Assets/Prefabs/Level/Common/HealthPotion.prefab using Guid(24aa79f770431604a81ced7f46440e98) Importer(2089858483,b0f066a214c2f5e87bad3c948f4d605d) (ScriptedImporter) -> (artifact id: '6dae98f806d0c63787b35452eb56c2f6') in 0.0568737 seconds
Number of updated asset objects reloaded before import = 0Number of asset objects unloaded after import = 9

========================================================================
Received Import Request.
  Time since last request: 0.000061 seconds.
  path: Assets/Prefabs/Level/Common/Root.prefab
  artifactKey: Guid(3811ea319bab81144b54fabbdcc045f8) Importer(2089858483,b0f066a214c2f5e87bad3c948f4d605d)
Start importing Assets/Prefabs/Level/Common/Root.prefab using Guid(3811ea319bab81144b54fabbdcc045f8) Importer(2089858483,b0f066a214c2f5e87bad3c948f4d605d) (ScriptedImporter) -> (artifact id: '2bf48ef0b63ca6b4f05d80c45aecb07a') in 0.0449143 seconds
Number of updated asset objects reloaded before import = 0Number of asset objects unloaded after import = 8

========================================================================
Received Import Request.
  Time since last request: 0.000079 seconds.
  path: Assets/Prefabs/Level/Level-1/Background.prefab
  artifactKey: Guid(3529f519ee586ca43b312c029863a9a3) Importer(2089858483,b0f066a214c2f5e87bad3c948f4d605d)
Start importing Assets/Prefabs/Level/Level-1/Background.prefab using Guid(3529f519ee586ca43b312c029863a9a3) Importer(2089858483,b0f066a214c2f5e87bad3c948f4d605d) (ScriptedImporter) -> (artifact id: 'b3b2ab2fac10b220b7bb23d232950712') in 0.0433534 seconds
Number of updated asset objects reloaded before import = 0Number of asset objects unloaded after import = 21

========================================================================
Received Import Request.
  Time since last request: 0.347764 seconds.
  path: Assets/Prefabs/Level/Level-1/DirtRight.prefab
  artifactKey: Guid(42158f52f0208e947b4f4baefe64921e) Importer(2089858483,b0f066a214c2f5e87bad3c948f4d605d)
Start importing Assets/Prefabs/Level/Level-1/DirtRight.prefab using Guid(42158f52f0208e947b4f4baefe64921e) Importer(2089858483,b0f066a214c2f5e87bad3c948f4d605d) (ScriptedImporter) -> (artifact id: '5c099264906a03ef865ed31037eea4f1') in 0.0260195 seconds
Number of updated asset objects reloaded before import = 0Number of asset objects unloaded after import = 8

========================================================================
Received Import Request.
  Time since last request: 0.000020 seconds.
  path: Assets/Prefabs/Level/Level-1/PlatformRight.prefab
  artifactKey: Guid(bdd6e0f366fdf174ca5c423865b2c945) Importer(2089858483,b0f066a214c2f5e87bad3c948f4d605d)
Start importing Assets/Prefabs/Level/Level-1/PlatformRight.prefab using Guid(bdd6e0f366fdf174ca5c423865b2c945) Importer(2089858483,b0f066a214c2f5e87bad3c948f4d605d) (ScriptedImporter) -> (artifact id: 'ab2b7aa06f5cbaa7fa5c80794010797c') in 0.0274166 seconds
Number of updated asset objects reloaded before import = 0Number of asset objects unloaded after import = 8

========================================================================
Received Import Request.
  Time since last request: 0.000028 seconds.
  path: Assets/Prefabs/Level/Level-1/TilesLeft.prefab
  artifactKey: Guid(d88f8f712c2c19e489fca556cd46c0f6) Importer(2089858483,b0f066a214c2f5e87bad3c948f4d605d)
Start importing Assets/Prefabs/Level/Level-1/TilesLeft.prefab using Guid(d88f8f712c2c19e489fca556cd46c0f6) Importer(2089858483,b0f066a214c2f5e87bad3c948f4d605d) (ScriptedImporter) -> (artifact id: '24c4c3e05dadcddf322f4d630fb47c4e') in 0.0279475 seconds
Number of updated asset objects reloaded before import = 0Number of asset objects unloaded after import = 8

========================================================================
Received Import Request.
  Time since last request: 0.420816 seconds.
  path: Assets/Prefabs/Level/Level-2/Bone (2).prefab
  artifactKey: Guid(e097d9175194a5e4d9461456e3b530eb) Importer(2089858483,b0f066a214c2f5e87bad3c948f4d605d)
Start importing Assets/Prefabs/Level/Level-2/Bone (2).prefab using Guid(e097d9175194a5e4d9461456e3b530eb) Importer(2089858483,b0f066a214c2f5e87bad3c948f4d605d) (ScriptedImporter) -> (artifact id: '4cd17e058c3167fb8a1d2c87c9e6e787') in 0.044101 seconds
Number of updated asset objects reloaded before import = 0Number of asset objects unloaded after import = 7

========================================================================
Received Import Request.
  Time since last request: 0.000044 seconds.
  path: Assets/Prefabs/Level/Level-2/DirtRight.prefab
  artifactKey: Guid(c5a239a609e49b24483ba81c287d3b9b) Importer(2089858483,b0f066a214c2f5e87bad3c948f4d605d)
Start importing Assets/Prefabs/Level/Level-2/DirtRight.prefab using Guid(c5a239a609e49b24483ba81c287d3b9b) Importer(2089858483,b0f066a214c2f5e87bad3c948f4d605d) (ScriptedImporter) -> (artifact id: '439e9354aa2eabfdf9e2ef4b15953f25') in 0.040858 seconds
Number of updated asset objects reloaded before import = 0Number of asset objects unloaded after import = 8

========================================================================
Received Import Request.
  Time since last request: 0.000030 seconds.
  path: Assets/Prefabs/Level/Level-2/Dirts.prefab
  artifactKey: Guid(18e94ac05750cff47ad0a04933164c53) Importer(2089858483,b0f066a214c2f5e87bad3c948f4d605d)
Start importing Assets/Prefabs/Level/Level-2/Dirts.prefab using Guid(18e94ac05750cff47ad0a04933164c53) Importer(2089858483,b0f066a214c2f5e87bad3c948f4d605d) (ScriptedImporter) -> (artifact id: '22c1e90b12306569e987ce7d7886b507') in 0.0294586 seconds
Number of updated asset objects reloaded before import = 0Number of asset objects unloaded after import = 8

========================================================================
Received Import Request.
  Time since last request: 0.000034 seconds.
  path: Assets/Prefabs/Level/Level-2/DeadRoot.prefab
  artifactKey: Guid(1e27a400f396d6e4ea3f8469a67e27df) Importer(2089858483,b0f066a214c2f5e87bad3c948f4d605d)
Start importing Assets/Prefabs/Level/Level-2/DeadRoot.prefab using Guid(1e27a400f396d6e4ea3f8469a67e27df) Importer(2089858483,b0f066a214c2f5e87bad3c948f4d605d) (ScriptedImporter) -> (artifact id: '6737c65d25d1641140bd48f16505ff2d') in 0.0314827 seconds
Number of updated asset objects reloaded before import = 0Number of asset objects unloaded after import = 7

========================================================================
Received Import Request.
  Time since last request: 0.352405 seconds.
  path: Assets/Prefabs/Level/Level-2/Skull (2).prefab
  artifactKey: Guid(78214a804155e654f9e6f7606ca02909) Importer(2089858483,b0f066a214c2f5e87bad3c948f4d605d)
Start importing Assets/Prefabs/Level/Level-2/Skull (2).prefab using Guid(78214a804155e654f9e6f7606ca02909) Importer(2089858483,b0f066a214c2f5e87bad3c948f4d605d) (ScriptedImporter) -> (artifact id: '1608c1188fe451d1ca2f44c9a31c8296') in 0.0279174 seconds
Number of updated asset objects reloaded before import = 0Number of asset objects unloaded after import = 7

========================================================================
Received Import Request.
  Time since last request: 0.000046 seconds.
  path: Assets/Prefabs/Level/Level-2/SpikeMultiple.prefab
  artifactKey: Guid(6480f45edaefd48488324a2a595c2ef5) Importer(2089858483,b0f066a214c2f5e87bad3c948f4d605d)
Start importing Assets/Prefabs/Level/Level-2/SpikeMultiple.prefab using Guid(6480f45edaefd48488324a2a595c2ef5) Importer(2089858483,b0f066a214c2f5e87bad3c948f4d605d) (ScriptedImporter) -> (artifact id: '6f3ae8838fbdeb23ddb467997574e0f3') in 0.0396046 seconds
Number of updated asset objects reloaded before import = 0Number of asset objects unloaded after import = 9

========================================================================
Received Import Request.
  Time since last request: 0.000035 seconds.
  path: Assets/Prefabs/Level/Level-2/Tiles2.prefab
  artifactKey: Guid(63168897b88fe1142ad7f37ac55f832b) Importer(2089858483,b0f066a214c2f5e87bad3c948f4d605d)
Start importing Assets/Prefabs/Level/Level-2/Tiles2.prefab using Guid(63168897b88fe1142ad7f37ac55f832b) Importer(2089858483,b0f066a214c2f5e87bad3c948f4d605d) (ScriptedImporter) -> (artifact id: 'db7f1975e857901f4061d24b3f526ab9') in 0.0300211 seconds
Number of updated asset objects reloaded before import = 0Number of asset objects unloaded after import = 8

========================================================================
Received Import Request.
  Time since last request: 0.000045 seconds.
  path: Assets/Prefabs/Level/Level-2/TombStone (1).prefab
  artifactKey: Guid(08dbe1bed4f84d847addfce0d3a584e3) Importer(2089858483,b0f066a214c2f5e87bad3c948f4d605d)
Start importing Assets/Prefabs/Level/Level-2/TombStone (1).prefab using Guid(08dbe1bed4f84d847addfce0d3a584e3) Importer(2089858483,b0f066a214c2f5e87bad3c948f4d605d) (ScriptedImporter) -> (artifact id: '7b00ac1f59646a173caebc94775796f5') in 0.0307523 seconds
Number of updated asset objects reloaded before import = 0Number of asset objects unloaded after import = 7

========================================================================
Received Import Request.
  Time since last request: 0.365564 seconds.
  path: Assets/TextMesh Pro/Examples & Extras/Fonts/Bangers - OFL.txt
  artifactKey: Guid(efe0bf4ac872451e91612d1ae593f480) Importer(2089858483,b0f066a214c2f5e87bad3c948f4d605d)
Start importing Assets/TextMesh Pro/Examples & Extras/Fonts/Bangers - OFL.txt using Guid(efe0bf4ac872451e91612d1ae593f480) Importer(2089858483,b0f066a214c2f5e87bad3c948f4d605d) (ScriptedImporter) -> (artifact id: '4ddfdff87a22bf20c39f22a3d770f873') in 0.0394394 seconds
Number of updated asset objects reloaded before import = 0Number of asset objects unloaded after import = 1

========================================================================
Received Import Request.
  Time since last request: 0.000103 seconds.
  path: Assets/TextMesh Pro/Examples & Extras/Materials/Small Crate_diffuse.mat
  artifactKey: Guid(22262639920f43d6be32430e4e58350d) Importer(2089858483,b0f066a214c2f5e87bad3c948f4d605d)
Start importing Assets/TextMesh Pro/Examples & Extras/Materials/Small Crate_diffuse.mat using Guid(22262639920f43d6be32430e4e58350d) Importer(2089858483,b0f066a214c2f5e87bad3c948f4d605d) (ScriptedImporter) -> (artifact id: 'cee94674d08e465ebb78e88690c8d124') in 0.0722771 seconds
Number of updated asset objects reloaded before import = 0Number of asset objects unloaded after import = 3

========================================================================
Received Import Request.
  Time since last request: 0.000026 seconds.
  path: Assets/TextMesh Pro/Examples & Extras/Fonts/Oswald-Bold - OFL.txt
  artifactKey: Guid(d2cf87a8a7a94aa8b80dff1c807c1178) Importer(2089858483,b0f066a214c2f5e87bad3c948f4d605d)
Start importing Assets/TextMesh Pro/Examples & Extras/Fonts/Oswald-Bold - OFL.txt using Guid(d2cf87a8a7a94aa8b80dff1c807c1178) Importer(2089858483,b0f066a214c2f5e87bad3c948f4d605d) (ScriptedImporter) -> (artifact id: 'd0f7aa889c8796be4ad7227ec1089a0f') in 0.0228529 seconds
Number of updated asset objects reloaded before import = 0Number of asset objects unloaded after import = 1

========================================================================
Received Import Request.
  Time since last request: 0.000539 seconds.
  path: Assets/TextMesh Pro/Examples & Extras/Fonts/Electronic Highway Sign.TTF
  artifactKey: Guid(8a2b9e2a607dd2143b58c44bc32410b4) Importer(2089858483,b0f066a214c2f5e87bad3c948f4d605d)
Start importing Assets/TextMesh Pro/Examples & Extras/Fonts/Electronic Highway Sign.TTF using Guid(8a2b9e2a607dd2143b58c44bc32410b4) Importer(2089858483,b0f066a214c2f5e87bad3c948f4d605d) (ScriptedImporter) -> (artifact id: 'f0ace6e83af990dfeef21d9243eb1607') in 0.0385717 seconds
Number of updated asset objects reloaded before import = 0Number of asset objects unloaded after import = 3

========================================================================
Received Import Request.
  Time since last request: 0.322492 seconds.
  path: Assets/TextMesh Pro/Examples & Extras/Prefabs/TextMeshPro - Prefab 1.prefab
  artifactKey: Guid(a6e39ced0ea046bcb636c3f0b2e2a745) Importer(2089858483,b0f066a214c2f5e87bad3c948f4d605d)
Start importing Assets/TextMesh Pro/Examples & Extras/Prefabs/TextMeshPro - Prefab 1.prefab using Guid(a6e39ced0ea046bcb636c3f0b2e2a745) Importer(2089858483,b0f066a214c2f5e87bad3c948f4d605d) (ScriptedImporter) -> (artifact id: '5b9172ffaddd538d3ec405a82b9dc5f5') in 0.1198146 seconds
Number of updated asset objects reloaded before import = 0Number of asset objects unloaded after import = 16

========================================================================
Received Import Request.
  Time since last request: 0.000031 seconds.
  path: Assets/TextMesh Pro/Examples & Extras/Scenes/02 - Multi-line TextMesh Pro.unity
  artifactKey: Guid(251716609f634449bfe8ce75c0ed78fe) Importer(2089858483,b0f066a214c2f5e87bad3c948f4d605d)
Start importing Assets/TextMesh Pro/Examples & Extras/Scenes/02 - Multi-line TextMesh Pro.unity using Guid(251716609f634449bfe8ce75c0ed78fe) Importer(2089858483,b0f066a214c2f5e87bad3c948f4d605d) (ScriptedImporter) -> (artifact id: '52a0d35098af3e427e60947036c7d295') in 0.0387493 seconds
Number of updated asset objects reloaded before import = 0Number of asset objects unloaded after import = 1

========================================================================
Received Import Request.
  Time since last request: 0.000125 seconds.
  path: Assets/TextMesh Pro/Examples & Extras/Scenes/05 - Style Tags.unity
  artifactKey: Guid(70615243e2be4a81afaab9bf5d273d65) Importer(2089858483,b0f066a214c2f5e87bad3c948f4d605d)
Start importing Assets/TextMesh Pro/Examples & Extras/Scenes/05 - Style Tags.unity using Guid(70615243e2be4a81afaab9bf5d273d65) Importer(2089858483,b0f066a214c2f5e87bad3c948f4d605d) (ScriptedImporter) -> (artifact id: '31049223783c4410f81c7ae7d34e898e') in 0.018462 seconds
Number of updated asset objects reloaded before import = 0Number of asset objects unloaded after import = 1

========================================================================
Received Import Request.
  Time since last request: 0.320751 seconds.
  path: Assets/TextMesh Pro/Examples & Extras/Scenes/10 - Bullets & Numbered List Example.unity
  artifactKey: Guid(c3f814e1d12c45568daf3dd9a86a0e61) Importer(2089858483,b0f066a214c2f5e87bad3c948f4d605d)
Start importing Assets/TextMesh Pro/Examples & Extras/Scenes/10 - Bullets & Numbered List Example.unity using Guid(c3f814e1d12c45568daf3dd9a86a0e61) Importer(2089858483,b0f066a214c2f5e87bad3c948f4d605d) (ScriptedImporter) -> (artifact id: '21074b1130e3eedca76b5b00ae07a730') in 0.0450335 seconds
Number of updated asset objects reloaded before import = 0Number of asset objects unloaded after import = 1

========================================================================
Received Import Request.
  Time since last request: 0.000061 seconds.
  path: Assets/TextMesh Pro/Examples & Extras/Scenes/16 - Linked text overflow mode example.unity
  artifactKey: Guid(9442cda25baa4a0bb544c4d095b00caa) Importer(2089858483,b0f066a214c2f5e87bad3c948f4d605d)
Start importing Assets/TextMesh Pro/Examples & Extras/Scenes/16 - Linked text overflow mode example.unity using Guid(9442cda25baa4a0bb544c4d095b00caa) Importer(2089858483,b0f066a214c2f5e87bad3c948f4d605d) (ScriptedImporter) -> (artifact id: '7094e27a3ce6a1b00e9428e3626f7a50') in 0.147714 seconds
Number of updated asset objects reloaded before import = 0Number of asset objects unloaded after import = 1

========================================================================
Received Import Request.
  Time since last request: 0.000025 seconds.
  path: Assets/TextMesh Pro/Examples & Extras/Scenes/17 - Old Computer Terminal.unity
  artifactKey: Guid(3e2e4d7b0bed4cf9ab827e9f32448f69) Importer(2089858483,b0f066a214c2f5e87bad3c948f4d605d)
Start importing Assets/TextMesh Pro/Examples & Extras/Scenes/17 - Old Computer Terminal.unity using Guid(3e2e4d7b0bed4cf9ab827e9f32448f69) Importer(2089858483,b0f066a214c2f5e87bad3c948f4d605d) (ScriptedImporter) -> (artifact id: 'f34128f043fcf79a2f36e0e11a4ea1ac') in 0.0496949 seconds
Number of updated asset objects reloaded before import = 0Number of asset objects unloaded after import = 1

========================================================================
Received Import Request.
  Time since last request: 0.256976 seconds.
  path: Assets/Animations/SpikeWorm.controller
  artifactKey: Guid(c5e2fe42c052a7a4e8652e09f831a7b9) Importer(2089858483,b0f066a214c2f5e87bad3c948f4d605d)
Start importing Assets/Animations/SpikeWorm.controller using Guid(c5e2fe42c052a7a4e8652e09f831a7b9) Importer(2089858483,b0f066a214c2f5e87bad3c948f4d605d) (ScriptedImporter) -> (artifact id: '5cabdc21908e4dcc9f950eeedc7001d8') in 0.029959 seconds
Number of updated asset objects reloaded before import = 0Number of asset objects unloaded after import = 4

========================================================================
Received Import Request.
  Time since last request: 0.000029 seconds.
  path: Assets/TextMesh Pro/Examples & Extras/Scripts/Benchmark01.cs
  artifactKey: Guid(f970ea55f9f84bf79b05dab180b8c125) Importer(2089858483,b0f066a214c2f5e87bad3c948f4d605d)
Start importing Assets/TextMesh Pro/Examples & Extras/Scripts/Benchmark01.cs using Guid(f970ea55f9f84bf79b05dab180b8c125) Importer(2089858483,b0f066a214c2f5e87bad3c948f4d605d) (ScriptedImporter) -> (artifact id: '0787afd2cb1425d8daae4d2e488d27ce') in 0.0231698 seconds
Number of updated asset objects reloaded before import = 0Number of asset objects unloaded after import = 0

========================================================================
Received Import Request.
  Time since last request: 0.000117 seconds.
  path: Assets/TextMesh Pro/Examples & Extras/Scenes/19 - Masking Texture & Soft Mask.unity
  artifactKey: Guid(9abcd5bd764646568a6ea70d00f9264c) Importer(2089858483,b0f066a214c2f5e87bad3c948f4d605d)
Start importing Assets/TextMesh Pro/Examples & Extras/Scenes/19 - Masking Texture & Soft Mask.unity using Guid(9abcd5bd764646568a6ea70d00f9264c) Importer(2089858483,b0f066a214c2f5e87bad3c948f4d605d) (ScriptedImporter) -> (artifact id: '802acf5a0e38a8c81455372037fc6d70') in 0.0441324 seconds
Number of updated asset objects reloaded before import = 0Number of asset objects unloaded after import = 1

========================================================================
Received Import Request.
  Time since last request: 0.000014 seconds.
  path: Assets/TextMesh Pro/Examples & Extras/Scenes/26 - Dropdown Placeholder Example.unity
  artifactKey: Guid(0851605490a599b46b6ac5cb681d93ea) Importer(2089858483,b0f066a214c2f5e87bad3c948f4d605d)
Start importing Assets/TextMesh Pro/Examples & Extras/Scenes/26 - Dropdown Placeholder Example.unity using Guid(0851605490a599b46b6ac5cb681d93ea) Importer(2089858483,b0f066a214c2f5e87bad3c948f4d605d) (ScriptedImporter) -> (artifact id: '3580724fbdcb34a15894cae6cb335665') in 0.0384489 seconds
Number of updated asset objects reloaded before import = 0Number of asset objects unloaded after import = 1

========================================================================
Received Import Request.
  Time since last request: 0.000054 seconds.
  path: Assets/TextMesh Pro/Examples & Extras/Scenes/23 - Animating Vertex Attributes.unity
  artifactKey: Guid(54e994244b4b467e8583cf2da6dcc716) Importer(2089858483,b0f066a214c2f5e87bad3c948f4d605d)
Start importing Assets/TextMesh Pro/Examples & Extras/Scenes/23 - Animating Vertex Attributes.unity using Guid(54e994244b4b467e8583cf2da6dcc716) Importer(2089858483,b0f066a214c2f5e87bad3c948f4d605d) (ScriptedImporter) -> (artifact id: '9341566f8659e4c52408bceb8465833e') in 0.0202918 seconds
Number of updated asset objects reloaded before import = 0Number of asset objects unloaded after import = 1

========================================================================
Received Import Request.
  Time since last request: 0.000089 seconds.
  path: Assets/Graphics/Character/Idle (8).png
  artifactKey: Guid(c31ab143aa65c444ebb3a27f9e91a387) Importer(2089858483,b0f066a214c2f5e87bad3c948f4d605d)
Start importing Assets/Graphics/Character/Idle (8).png using Guid(c31ab143aa65c444ebb3a27f9e91a387) Importer(2089858483,b0f066a214c2f5e87bad3c948f4d605d) (ScriptedImporter) -> (artifact id: 'ccc9a95b4ae7edb70851e1537a1d8aa1') in 0.0281298 seconds
Number of updated asset objects reloaded before import = 0Number of asset objects unloaded after import = 3

========================================================================
Received Import Request.
  Time since last request: 0.000026 seconds.
  path: Assets/Graphics/Character/Dead (7).png
  artifactKey: Guid(5281e06055c597e42b28fb5b1af169aa) Importer(2089858483,b0f066a214c2f5e87bad3c948f4d605d)
Start importing Assets/Graphics/Character/Dead (7).png using Guid(5281e06055c597e42b28fb5b1af169aa) Importer(2089858483,b0f066a214c2f5e87bad3c948f4d605d) (ScriptedImporter) -> (artifact id: '496e6562cde34ce116bb8ee1273ff7a9') in 0.0301895 seconds
Number of updated asset objects reloaded before import = 0Number of asset objects unloaded after import = 3

========================================================================
Received Import Request.
  Time since last request: 0.000026 seconds.
  path: Assets/Graphics/Character/Run (9).png
  artifactKey: Guid(b1ba35a9b6f63b842a449d12de7db330) Importer(2089858483,b0f066a214c2f5e87bad3c948f4d605d)
Start importing Assets/Graphics/Character/Run (9).png using Guid(b1ba35a9b6f63b842a449d12de7db330) Importer(2089858483,b0f066a214c2f5e87bad3c948f4d605d) (ScriptedImporter) -> (artifact id: 'b403a029eab9bcb3c2529499405dba80') in 0.0310427 seconds
Number of updated asset objects reloaded before import = 0Number of asset objects unloaded after import = 3

========================================================================
Received Import Request.
  Time since last request: 0.000031 seconds.
  path: Assets/Graphics/Enemy/17.png
  artifactKey: Guid(569ee18dac325494794c0968986cdf94) Importer(2089858483,b0f066a214c2f5e87bad3c948f4d605d)
Start importing Assets/Graphics/Enemy/17.png using Guid(569ee18dac325494794c0968986cdf94) Importer(2089858483,b0f066a214c2f5e87bad3c948f4d605d) (ScriptedImporter) -> (artifact id: '66f92de87fbb2fc36868c84e4e60beea') in 0.0320797 seconds
Number of updated asset objects reloaded before import = 0Number of asset objects unloaded after import = 3

========================================================================
Received Import Request.
  Time since last request: 0.000026 seconds.
  path: Assets/Graphics/Character/Idle (2).png
  artifactKey: Guid(36d8554a9e491c547a446be0ff8413c9) Importer(2089858483,b0f066a214c2f5e87bad3c948f4d605d)
Start importing Assets/Graphics/Character/Idle (2).png using Guid(36d8554a9e491c547a446be0ff8413c9) Importer(2089858483,b0f066a214c2f5e87bad3c948f4d605d) (ScriptedImporter) -> (artifact id: '098d61ce2f6d80a706fcb248690f9b64') in 0.0387147 seconds
Number of updated asset objects reloaded before import = 0Number of asset objects unloaded after import = 3

========================================================================
Received Import Request.
  Time since last request: 0.000031 seconds.
  path: Assets/Graphics/Character/Idle (9).png
  artifactKey: Guid(8b4a87644b08d5b48a543d0709fc5a9f) Importer(2089858483,b0f066a214c2f5e87bad3c948f4d605d)
Start importing Assets/Graphics/Character/Idle (9).png using Guid(8b4a87644b08d5b48a543d0709fc5a9f) Importer(2089858483,b0f066a214c2f5e87bad3c948f4d605d) (ScriptedImporter) -> (artifact id: '64e3fbbbe8a151ae57b6de5bbe3bdaaa') in 0.0309831 seconds
Number of updated asset objects reloaded before import = 0Number of asset objects unloaded after import = 3

========================================================================
Received Import Request.
  Time since last request: 0.000019 seconds.
  path: Assets/Graphics/Character/Attack (10).png
  artifactKey: Guid(f399e2fbfdde6904097700180219f513) Importer(2089858483,b0f066a214c2f5e87bad3c948f4d605d)
Start importing Assets/Graphics/Character/Attack (10).png using Guid(f399e2fbfdde6904097700180219f513) Importer(2089858483,b0f066a214c2f5e87bad3c948f4d605d) (ScriptedImporter) -> (artifact id: 'db09b95700c4769d05b2085f77c6bfee') in 0.0354303 seconds
Number of updated asset objects reloaded before import = 0Number of asset objects unloaded after import = 3

========================================================================
Received Import Request.
  Time since last request: 0.000023 seconds.
  path: Assets/Graphics/Font/gomarice_gogono_cocoa_mochi.ttf
  artifactKey: Guid(e8bec1543ebcc4140a12ed394538f74a) Importer(2089858483,b0f066a214c2f5e87bad3c948f4d605d)
Start importing Assets/Graphics/Font/gomarice_gogono_cocoa_mochi.ttf using Guid(e8bec1543ebcc4140a12ed394538f74a) Importer(2089858483,b0f066a214c2f5e87bad3c948f4d605d) (ScriptedImporter) -> (artifact id: 'b3ff26c81e0ceb992be35c47a0c4c549') in 0.0237382 seconds
Number of updated asset objects reloaded before import = 0Number of asset objects unloaded after import = 3

========================================================================
Received Import Request.
  Time since last request: 0.000036 seconds.
  path: Assets/Graphics/Enemy/1.png
  artifactKey: Guid(21dfe84c80174fa4eae36a7576227f22) Importer(2089858483,b0f066a214c2f5e87bad3c948f4d605d)
Start importing Assets/Graphics/Enemy/1.png using Guid(21dfe84c80174fa4eae36a7576227f22) Importer(2089858483,b0f066a214c2f5e87bad3c948f4d605d) (ScriptedImporter) -> (artifact id: '555969c676644f7a3a7379d8fab0c0d4') in 0.0299857 seconds
Number of updated asset objects reloaded before import = 0Number of asset objects unloaded after import = 3

========================================================================
Received Import Request.
  Time since last request: 0.000028 seconds.
  path: Assets/Graphics/Enemy/11.png
  artifactKey: Guid(ca5f4485a20f3a84ead06f7b2075d1fc) Importer(2089858483,b0f066a214c2f5e87bad3c948f4d605d)
Start importing Assets/Graphics/Enemy/11.png using Guid(ca5f4485a20f3a84ead06f7b2075d1fc) Importer(2089858483,b0f066a214c2f5e87bad3c948f4d605d) (ScriptedImporter) -> (artifact id: '2c56b0eaf940685fb48bebe5ef1b0044') in 0.0315835 seconds
Number of updated asset objects reloaded before import = 0Number of asset objects unloaded after import = 3

========================================================================
Received Import Request.
  Time since last request: 0.000073 seconds.
  path: Assets/Graphics/Character/Run (8).png
  artifactKey: Guid(844144fde8a06b24cafbbbc6163d3342) Importer(2089858483,b0f066a214c2f5e87bad3c948f4d605d)
Start importing Assets/Graphics/Character/Run (8).png using Guid(844144fde8a06b24cafbbbc6163d3342) Importer(2089858483,b0f066a214c2f5e87bad3c948f4d605d) (ScriptedImporter) -> (artifact id: '5a142817cba069d05d4710737b48c3b7') in 0.0263679 seconds
Number of updated asset objects reloaded before import = 0Number of asset objects unloaded after import = 3

========================================================================
Received Import Request.
  Time since last request: 0.011347 seconds.
  path: Assets/Graphics/UI/Button.eps
  artifactKey: Guid(86f46b6f7e724e048bc92039d577fd2d) Importer(2089858483,b0f066a214c2f5e87bad3c948f4d605d)
Start importing Assets/Graphics/UI/Button.eps using Guid(86f46b6f7e724e048bc92039d577fd2d) Importer(2089858483,b0f066a214c2f5e87bad3c948f4d605d) (ScriptedImporter) -> (artifact id: '292faf92c9ce9a5a2448819c4a0662bf') in 0.0224849 seconds
Number of updated asset objects reloaded before import = 0Number of asset objects unloaded after import = 1

========================================================================
Received Import Request.
  Time since last request: 0.000021 seconds.
  path: Assets/TextMesh Pro/Examples & Extras/Scripts/VertexShakeA.cs
  artifactKey: Guid(f7cfa58e417a46ea8889989684c2522e) Importer(2089858483,b0f066a214c2f5e87bad3c948f4d605d)
Start importing Assets/TextMesh Pro/Examples & Extras/Scripts/VertexShakeA.cs using Guid(f7cfa58e417a46ea8889989684c2522e) Importer(2089858483,b0f066a214c2f5e87bad3c948f4d605d) (ScriptedImporter) -> (artifact id: 'a8f3a0c2f9acc12851c716bcbc61ce8f') in 0.0209272 seconds
Number of updated asset objects reloaded before import = 0Number of asset objects unloaded after import = 0

========================================================================
Received Import Request.
  Time since last request: 0.000093 seconds.
  path: Assets/TextMesh Pro/Examples & Extras/Scripts/TMP_TextEventCheck.cs
  artifactKey: Guid(d736ce056cf444ca96e424f4d9c42b76) Importer(2089858483,b0f066a214c2f5e87bad3c948f4d605d)
Start importing Assets/TextMesh Pro/Examples & Extras/Scripts/TMP_TextEventCheck.cs using Guid(d736ce056cf444ca96e424f4d9c42b76) Importer(2089858483,b0f066a214c2f5e87bad3c948f4d605d) (ScriptedImporter) -> (artifact id: 'a16df5cebe8ff42338e59d0bed4563b7') in 0.0210595 seconds
Number of updated asset objects reloaded before import = 0Number of asset objects unloaded after import = 0

========================================================================
Received Import Request.
  Time since last request: 0.000050 seconds.
  path: Assets/TextMesh Pro/Examples & Extras/Textures/Small Crate_normal.jpg
  artifactKey: Guid(8878a782f4334ecbbcf683b3ac780966) Importer(2089858483,b0f066a214c2f5e87bad3c948f4d605d)
Start importing Assets/TextMesh Pro/Examples & Extras/Textures/Small Crate_normal.jpg using Guid(8878a782f4334ecbbcf683b3ac780966) Importer(2089858483,b0f066a214c2f5e87bad3c948f4d605d) (ScriptedImporter) -> (artifact id: 'd8705686647c686615a88480fbb6c93d') in 0.0262955 seconds
Number of updated asset objects reloaded before import = 0Number of asset objects unloaded after import = 1

========================================================================
Received Import Request.
  Time since last request: 0.000027 seconds.
  path: Assets/TextMesh Pro/Examples & Extras/Scripts/ShaderPropAnimator.cs
  artifactKey: Guid(2787a46a4dc848c1b4b7b9307b614bfd) Importer(2089858483,b0f066a214c2f5e87bad3c948f4d605d)
Start importing Assets/TextMesh Pro/Examples & Extras/Scripts/ShaderPropAnimator.cs using Guid(2787a46a4dc848c1b4b7b9307b614bfd) Importer(2089858483,b0f066a214c2f5e87bad3c948f4d605d) (ScriptedImporter) -> (artifact id: '3b67ba3707cc8725169ef4e63691e40d') in 0.0221876 seconds
Number of updated asset objects reloaded before import = 0Number of asset objects unloaded after import = 0

========================================================================
Received Import Request.
  Time since last request: 0.000096 seconds.
  path: Assets/TextMesh Pro/Examples & Extras/Scripts/TMP_DigitValidator.cs
  artifactKey: Guid(1a7eb92a01ed499a987bde9def05fbce) Importer(2089858483,b0f066a214c2f5e87bad3c948f4d605d)
Start importing Assets/TextMesh Pro/Examples & Extras/Scripts/TMP_DigitValidator.cs using Guid(1a7eb92a01ed499a987bde9def05fbce) Importer(2089858483,b0f066a214c2f5e87bad3c948f4d605d) (ScriptedImporter) -> (artifact id: 'c5fd1b712da9c3e81b56e8e6b272734c') in 0.0285517 seconds
Number of updated asset objects reloaded before import = 0Number of asset objects unloaded after import = 0

========================================================================
Received Import Request.
  Time since last request: 0.000024 seconds.
  path: Assets/TextMesh Pro/Examples & Extras/Scripts/WarpTextExample.cs
  artifactKey: Guid(790744c462254b7ba8038e6ed28b3db2) Importer(2089858483,b0f066a214c2f5e87bad3c948f4d605d)
Start importing Assets/TextMesh Pro/Examples & Extras/Scripts/WarpTextExample.cs using Guid(790744c462254b7ba8038e6ed28b3db2) Importer(2089858483,b0f066a214c2f5e87bad3c948f4d605d) (ScriptedImporter) -> (artifact id: '0a11a6acf6bbe7c18364732aafa81222') in 0.026239 seconds
Number of updated asset objects reloaded before import = 0Number of asset objects unloaded after import = 0

========================================================================
Received Import Request.
  Time since last request: 0.000029 seconds.
  path: Assets/TextMesh Pro/Examples & Extras/Scripts/VertexShakeB.cs
  artifactKey: Guid(e4e0d9ccee5f4950be8979268c9014e0) Importer(2089858483,b0f066a214c2f5e87bad3c948f4d605d)
Start importing Assets/TextMesh Pro/Examples & Extras/Scripts/VertexShakeB.cs using Guid(e4e0d9ccee5f4950be8979268c9014e0) Importer(2089858483,b0f066a214c2f5e87bad3c948f4d605d) (ScriptedImporter) -> (artifact id: '17fca268a25eabd08454d8f2519ba097') in 0.026381 seconds
Number of updated asset objects reloaded before import = 0Number of asset objects unloaded after import = 0

========================================================================
Received Import Request.
  Time since last request: 0.000106 seconds.
  path: Assets/TextMesh Pro/Examples & Extras/Scripts/TMP_TextSelector_B.cs
  artifactKey: Guid(a05dcd8be7ec4ccbb35c26219884aa37) Importer(2089858483,b0f066a214c2f5e87bad3c948f4d605d)
Start importing Assets/TextMesh Pro/Examples & Extras/Scripts/TMP_TextSelector_B.cs using Guid(a05dcd8be7ec4ccbb35c26219884aa37) Importer(2089858483,b0f066a214c2f5e87bad3c948f4d605d) (ScriptedImporter) -> (artifact id: '8c76a71268da44a91ac3b344dfa137c4') in 0.0266447 seconds
Number of updated asset objects reloaded before import = 0Number of asset objects unloaded after import = 0

========================================================================
Received Import Request.
  Time since last request: 0.000160 seconds.
  path: Assets/TextMesh Pro/Examples & Extras/Scripts/Benchmark03.cs
  artifactKey: Guid(a73109742c8d47ac822895a473300c29) Importer(2089858483,b0f066a214c2f5e87bad3c948f4d605d)
Start importing Assets/TextMesh Pro/Examples & Extras/Scripts/Benchmark03.cs using Guid(a73109742c8d47ac822895a473300c29) Importer(2089858483,b0f066a214c2f5e87bad3c948f4d605d) (ScriptedImporter) -> (artifact id: 'd3e4d5d15ba3fb952c5bab2893e3f05f') in 0.0258284 seconds
Number of updated asset objects reloaded before import = 0Number of asset objects unloaded after import = 0

========================================================================
Received Import Request.
  Time since last request: 0.000085 seconds.
  path: Assets/TextMesh Pro/Examples & Extras/Scripts/TMP_TextEventHandler.cs
  artifactKey: Guid(1312ae25639a4bae8e25ae223209cc50) Importer(2089858483,b0f066a214c2f5e87bad3c948f4d605d)
Start importing Assets/TextMesh Pro/Examples & Extras/Scripts/TMP_TextEventHandler.cs using Guid(1312ae25639a4bae8e25ae223209cc50) Importer(2089858483,b0f066a214c2f5e87bad3c948f4d605d) (ScriptedImporter) -> (artifact id: '18a8e0a4477fff699916e4b00c5bbc25') in 0.0259904 seconds
Number of updated asset objects reloaded before import = 0Number of asset objects unloaded after import = 0

========================================================================
Received Import Request.
  Time since last request: 0.000084 seconds.
  path: Assets/TextMesh Pro/Examples & Extras/Scripts/VertexZoom.cs
  artifactKey: Guid(52ec835d14bd486f900952b77698b7eb) Importer(2089858483,b0f066a214c2f5e87bad3c948f4d605d)
Start importing Assets/TextMesh Pro/Examples & Extras/Scripts/VertexZoom.cs using Guid(52ec835d14bd486f900952b77698b7eb) Importer(2089858483,b0f066a214c2f5e87bad3c948f4d605d) (ScriptedImporter) -> (artifact id: 'f3765b9f74d7ec1f399e4b0d0d64f647') in 0.0207384 seconds
Number of updated asset objects reloaded before import = 0Number of asset objects unloaded after import = 0

========================================================================
Received Import Request.
  Time since last request: 0.000112 seconds.
  path: Assets/Prefabs/UI/PauseButtonCanvas.prefab
  artifactKey: Guid(4f10b1b750629a145ab05982832b9831) Importer(2089858483,b0f066a214c2f5e87bad3c948f4d605d)
Start importing Assets/Prefabs/UI/PauseButtonCanvas.prefab using Guid(4f10b1b750629a145ab05982832b9831) Importer(2089858483,b0f066a214c2f5e87bad3c948f4d605d) (ScriptedImporter) -> (artifact id: '65c7c2b40eff1ccec76b47610e8e131e') in 0.045411 seconds
Number of updated asset objects reloaded before import = 0Number of asset objects unloaded after import = 14

========================================================================
Received Import Request.
  Time since last request: 0.000031 seconds.
  path: Assets/TextMesh Pro/Examples & Extras/Textures/Sunny Days - Seamless.jpg
  artifactKey: Guid(17c350171f7a3ca479f830547c66d187) Importer(2089858483,b0f066a214c2f5e87bad3c948f4d605d)
Start importing Assets/TextMesh Pro/Examples & Extras/Textures/Sunny Days - Seamless.jpg using Guid(17c350171f7a3ca479f830547c66d187) Importer(2089858483,b0f066a214c2f5e87bad3c948f4d605d) (ScriptedImporter) -> (artifact id: '69a74dd8267104412e28b4d131d683f3') in 0.0226652 seconds
Number of updated asset objects reloaded before import = 0Number of asset objects unloaded after import = 1

========================================================================
Received Import Request.
  Time since last request: 0.000031 seconds.
  path: Assets/Graphics/UI/Button.png
  artifactKey: Guid(6215c311c14e6004c9ad6dda0d00df7e) Importer(2089858483,b0f066a214c2f5e87bad3c948f4d605d)
Start importing Assets/Graphics/UI/Button.png using Guid(6215c311c14e6004c9ad6dda0d00df7e) Importer(2089858483,b0f066a214c2f5e87bad3c948f4d605d) (ScriptedImporter) -> (artifact id: 'f7c456b92fe4b16a0743cd42684a5ed5') in 0.0352951 seconds
Number of updated asset objects reloaded before import = 0Number of asset objects unloaded after import = 3

========================================================================
Received Import Request.
  Time since last request: 0.000036 seconds.
  path: Assets/TextMesh Pro/Examples & Extras/Scripts/TextConsoleSimulator.cs
  artifactKey: Guid(43bcd35a1c0c40ccb6d472893fe2093f) Importer(2089858483,b0f066a214c2f5e87bad3c948f4d605d)
Start importing Assets/TextMesh Pro/Examples & Extras/Scripts/TextConsoleSimulator.cs using Guid(43bcd35a1c0c40ccb6d472893fe2093f) Importer(2089858483,b0f066a214c2f5e87bad3c948f4d605d) (ScriptedImporter) -> (artifact id: '09d247a2c6bce5b932771cb56c091e33') in 0.0182407 seconds
Number of updated asset objects reloaded before import = 0Number of asset objects unloaded after import = 0

========================================================================
Received Import Request.
  Time since last request: 0.000051 seconds.
  path: Assets/TextMesh Pro/Examples & Extras/Scripts/SkewTextExample.cs
  artifactKey: Guid(d412675cfb3441efa3bf8dcd9b7624dc) Importer(2089858483,b0f066a214c2f5e87bad3c948f4d605d)
Start importing Assets/TextMesh Pro/Examples & Extras/Scripts/SkewTextExample.cs using Guid(d412675cfb3441efa3bf8dcd9b7624dc) Importer(2089858483,b0f066a214c2f5e87bad3c948f4d605d) (ScriptedImporter) -> (artifact id: 'f2123f0e490018f028bfe4323cc996ee') in 0.0171285 seconds
Number of updated asset objects reloaded before import = 0Number of asset objects unloaded after import = 0

========================================================================
Received Import Request.
  Time since last request: 0.000127 seconds.
  path: Assets/TextMesh Pro/Examples & Extras/Textures/Gradient Vertical (Color).jpg
  artifactKey: Guid(03d0538de6e24c0f819bfc9ce084dfa9) Importer(2089858483,b0f066a214c2f5e87bad3c948f4d605d)
Start importing Assets/TextMesh Pro/Examples & Extras/Textures/Gradient Vertical (Color).jpg using Guid(03d0538de6e24c0f819bfc9ce084dfa9) Importer(2089858483,b0f066a214c2f5e87bad3c948f4d605d) (ScriptedImporter) -> (artifact id: '37f2fcf3b8687c03525ab42f882ffb94') in 0.0240033 seconds
Number of updated asset objects reloaded before import = 0Number of asset objects unloaded after import = 1

========================================================================
Received Import Request.
  Time since last request: 0.000021 seconds.
  path: Assets/Lean/Common/package.json
  artifactKey: Guid(5b161f7eaaf64aa40ba67688774eb06f) Importer(2089858483,b0f066a214c2f5e87bad3c948f4d605d)
Start importing Assets/Lean/Common/package.json using Guid(5b161f7eaaf64aa40ba67688774eb06f) Importer(2089858483,b0f066a214c2f5e87bad3c948f4d605d) (ScriptedImporter) -> (artifact id: '02b5df251429dfa920e10486244db663') in 0.0168131 seconds
Number of updated asset objects reloaded before import = 0Number of asset objects unloaded after import = 1

========================================================================
Received Import Request.
  Time since last request: 0.000115 seconds.
  path: Assets/Prefabs/UI/HealthBarCanvas.prefab
  artifactKey: Guid(db9334efc87a74340940ebfe4870170d) Importer(2089858483,b0f066a214c2f5e87bad3c948f4d605d)
Start importing Assets/Prefabs/UI/HealthBarCanvas.prefab using Guid(db9334efc87a74340940ebfe4870170d) Importer(2089858483,b0f066a214c2f5e87bad3c948f4d605d) (ScriptedImporter) -> (artifact id: 'ab8f485a5fd2be093a84a970b1182ff9') in 0.0238367 seconds
Number of updated asset objects reloaded before import = 0Number of asset objects unloaded after import = 21

========================================================================
Received Import Request.
  Time since last request: 0.000030 seconds.
  path: Assets/TextMesh Pro/Examples & Extras/Textures/Wipe Pattern - Circle.psd
  artifactKey: Guid(10c49fcd9c64421db7c0133e61e55f97) Importer(2089858483,b0f066a214c2f5e87bad3c948f4d605d)
Start importing Assets/TextMesh Pro/Examples & Extras/Textures/Wipe Pattern - Circle.psd using Guid(10c49fcd9c64421db7c0133e61e55f97) Importer(2089858483,b0f066a214c2f5e87bad3c948f4d605d) (ScriptedImporter) -> (artifact id: '5dc2b6b1702f9e0bfb255c0c0c9d5234') in 0.0222052 seconds
Number of updated asset objects reloaded before import = 0Number of asset objects unloaded after import = 1

========================================================================
Received Import Request.
  Time since last request: 0.000078 seconds.
  path: Assets/TextMesh Pro/Resources/Style Sheets/Default Style Sheet.asset
  artifactKey: Guid(f952c082cb03451daed3ee968ac6c63e) Importer(2089858483,b0f066a214c2f5e87bad3c948f4d605d)
Start importing Assets/TextMesh Pro/Resources/Style Sheets/Default Style Sheet.asset using Guid(f952c082cb03451daed3ee968ac6c63e) Importer(2089858483,b0f066a214c2f5e87bad3c948f4d605d) (ScriptedImporter) -> (artifact id: 'eaf92b589e6efa1c4ed5ff75fa106dfd') in 0.0284998 seconds
Number of updated asset objects reloaded before import = 0Number of asset objects unloaded after import = 1

========================================================================
Received Import Request.
  Time since last request: 0.000088 seconds.
  path: Assets/Graphics/Character/dragonbones/library/RightFoot (3).png
  artifactKey: Guid(9ce491ebadd991249845294340adc4d6) Importer(2089858483,b0f066a214c2f5e87bad3c948f4d605d)
Start importing Assets/Graphics/Character/dragonbones/library/RightFoot (3).png using Guid(9ce491ebadd991249845294340adc4d6) Importer(2089858483,b0f066a214c2f5e87bad3c948f4d605d) (ScriptedImporter) -> (artifact id: '96741008e0fc2d8b8ad14f73c796a6c0') in 0.0237927 seconds
Number of updated asset objects reloaded before import = 0Number of asset objects unloaded after import = 3

========================================================================
Received Import Request.
  Time since last request: 0.000051 seconds.
  path: Assets/TextMesh Pro/Resources/Fonts & Materials/LiberationSans SDF - Outline.mat
  artifactKey: Guid(79459efec17a4d00a321bdcc27bbc385) Importer(2089858483,b0f066a214c2f5e87bad3c948f4d605d)
Start importing Assets/TextMesh Pro/Resources/Fonts & Materials/LiberationSans SDF - Outline.mat using Guid(79459efec17a4d00a321bdcc27bbc385) Importer(2089858483,b0f066a214c2f5e87bad3c948f4d605d) (ScriptedImporter) -> (artifact id: '4e80255e7d32922ebd8bf03efa5de28a') in 0.0295543 seconds
Number of updated asset objects reloaded before import = 0Number of asset objects unloaded after import = 2

========================================================================
Received Import Request.
  Time since last request: 0.000046 seconds.
  path: Assets/Graphics/Level/png/Object/Sign_1.png
  artifactKey: Guid(73eb91edfda28fe4f8ec14eaf22b9f0b) Importer(2089858483,b0f066a214c2f5e87bad3c948f4d605d)
Start importing Assets/Graphics/Level/png/Object/Sign_1.png using Guid(73eb91edfda28fe4f8ec14eaf22b9f0b) Importer(2089858483,b0f066a214c2f5e87bad3c948f4d605d) (ScriptedImporter) -> (artifact id: '47422726f80d25e9e54a7ed0add24135') in 0.0221689 seconds
Number of updated asset objects reloaded before import = 0Number of asset objects unloaded after import = 3

========================================================================
Received Import Request.
  Time since last request: 0.000036 seconds.
  path: Assets/Graphics/Level/png/Coin/gold_coin_round_star_3.png
  artifactKey: Guid(5ae78bd8656d6614781b131508bce86e) Importer(2089858483,b0f066a214c2f5e87bad3c948f4d605d)
Start importing Assets/Graphics/Level/png/Coin/gold_coin_round_star_3.png using Guid(5ae78bd8656d6614781b131508bce86e) Importer(2089858483,b0f066a214c2f5e87bad3c948f4d605d) (ScriptedImporter) -> (artifact id: '7cb4101bbe4a4966d63c715cb5ebc855') in 0.02919 seconds
Number of updated asset objects reloaded before import = 0Number of asset objects unloaded after import = 3

========================================================================
Received Import Request.
  Time since last request: 0.000030 seconds.
  path: Assets/Graphics/Character/dragonbones/library/LeftFoot (1).png
  artifactKey: Guid(e31348ac6c97f164aa3c0699b8eaa161) Importer(2089858483,b0f066a214c2f5e87bad3c948f4d605d)
Start importing Assets/Graphics/Character/dragonbones/library/LeftFoot (1).png using Guid(e31348ac6c97f164aa3c0699b8eaa161) Importer(2089858483,b0f066a214c2f5e87bad3c948f4d605d) (ScriptedImporter) -> (artifact id: '807f5622b90f0a4bb84fb7d37424aa6d') in 0.0294661 seconds
Number of updated asset objects reloaded before import = 0Number of asset objects unloaded after import = 3

========================================================================
Received Import Request.
  Time since last request: 0.000037 seconds.
  path: Assets/Graphics/Character/dragonbones/library/Shield.png
  artifactKey: Guid(c5b3f960ec9810d4a8ee9a98a130617a) Importer(2089858483,b0f066a214c2f5e87bad3c948f4d605d)
Start importing Assets/Graphics/Character/dragonbones/library/Shield.png using Guid(c5b3f960ec9810d4a8ee9a98a130617a) Importer(2089858483,b0f066a214c2f5e87bad3c948f4d605d) (ScriptedImporter) -> (artifact id: 'a4aecd877e2e237c6a79eab857b4e3f7') in 0.0443322 seconds
Number of updated asset objects reloaded before import = 0Number of asset objects unloaded after import = 3

========================================================================
Received Import Request.
  Time since last request: 0.000031 seconds.
  path: Assets/Graphics/Character/dragonbones/library/LeftFoot (2).png
  artifactKey: Guid(b825c89827e8f0d4cb258d68de8e9c86) Importer(2089858483,b0f066a214c2f5e87bad3c948f4d605d)
Start importing Assets/Graphics/Character/dragonbones/library/LeftFoot (2).png using Guid(b825c89827e8f0d4cb258d68de8e9c86) Importer(2089858483,b0f066a214c2f5e87bad3c948f4d605d) (ScriptedImporter) -> (artifact id: '84079b4e37b765ab7a2ff37fbe243769') in 0.0313325 seconds
Number of updated asset objects reloaded before import = 0Number of asset objects unloaded after import = 3

========================================================================
Received Import Request.
  Time since last request: 0.000022 seconds.
  path: Assets/Graphics/Level/png/Coin/gold_coin_round_star_6.png
  artifactKey: Guid(07ee8922111029448b346e8963197ac7) Importer(2089858483,b0f066a214c2f5e87bad3c948f4d605d)
Start importing Assets/Graphics/Level/png/Coin/gold_coin_round_star_6.png using Guid(07ee8922111029448b346e8963197ac7) Importer(2089858483,b0f066a214c2f5e87bad3c948f4d605d) (ScriptedImporter) -> (artifact id: '44dc4a7ae75546dc8093522d6c9ba559') in 0.0595224 seconds
Number of updated asset objects reloaded before import = 0Number of asset objects unloaded after import = 3

========================================================================
Received Import Request.
  Time since last request: 0.000022 seconds.
  path: Assets/TextMesh Pro/Examples & Extras/Textures/Wipe Pattern - Radial Double.psd
  artifactKey: Guid(7631f4eff8f74ed38eb3eb9db17134e1) Importer(2089858483,b0f066a214c2f5e87bad3c948f4d605d)
Start importing Assets/TextMesh Pro/Examples & Extras/Textures/Wipe Pattern - Radial Double.psd using Guid(7631f4eff8f74ed38eb3eb9db17134e1) Importer(2089858483,b0f066a214c2f5e87bad3c948f4d605d) (ScriptedImporter) -> (artifact id: '5fe1f67a2892f53cca7f40d598ae85a8') in 0.0270445 seconds
Number of updated asset objects reloaded before import = 0Number of asset objects unloaded after import = 1

========================================================================
Received Import Request.
  Time since last request: 0.000048 seconds.
  path: Assets/TextMesh Pro/Examples & Extras/Textures/Wipe Pattern - Radial Quad.psd
  artifactKey: Guid(2b5e9ae96c5644d8bae932f8b4ca68a2) Importer(2089858483,b0f066a214c2f5e87bad3c948f4d605d)
Start importing Assets/TextMesh Pro/Examples & Extras/Textures/Wipe Pattern - Radial Quad.psd using Guid(2b5e9ae96c5644d8bae932f8b4ca68a2) Importer(2089858483,b0f066a214c2f5e87bad3c948f4d605d) (ScriptedImporter) -> (artifact id: '94ee49fc520dc0a9be13912a9dec41de') in 0.0357052 seconds
Number of updated asset objects reloaded before import = 0Number of asset objects unloaded after import = 1

========================================================================
Received Import Request.
  Time since last request: 0.000097 seconds.
  path: Assets/Graphics/Character/dragonbones/library/LeftHand (2).png
  artifactKey: Guid(a18e5d9287a6ea648ab68f80968a2e26) Importer(2089858483,b0f066a214c2f5e87bad3c948f4d605d)
Start importing Assets/Graphics/Character/dragonbones/library/LeftHand (2).png using Guid(a18e5d9287a6ea648ab68f80968a2e26) Importer(2089858483,b0f066a214c2f5e87bad3c948f4d605d) (ScriptedImporter) -> (artifact id: '3cf3ae71b1484e7df44cefd2d1200eef') in 0.0262856 seconds
Number of updated asset objects reloaded before import = 0Number of asset objects unloaded after import = 3

========================================================================
Received Import Request.
  Time since last request: 0.000023 seconds.
  path: Assets/Graphics/Level/png/Coin/gold_coin_round_star_6@2x.png
  artifactKey: Guid(e8a826a2f980c254698e07b83d0cc1f1) Importer(2089858483,b0f066a214c2f5e87bad3c948f4d605d)
Start importing Assets/Graphics/Level/png/Coin/gold_coin_round_star_6@2x.png using Guid(e8a826a2f980c254698e07b83d0cc1f1) Importer(2089858483,b0f066a214c2f5e87bad3c948f4d605d) (ScriptedImporter) -> (artifact id: '36d2e7bbdc3997e10da8659c656801bd') in 0.0261443 seconds
Number of updated asset objects reloaded before import = 0Number of asset objects unloaded after import = 3

========================================================================
Received Import Request.
  Time since last request: 0.000023 seconds.
  path: Assets/Graphics/Level/png/Object/Sign_2.png
  artifactKey: Guid(c5bcf24e04c29c34da37f097f9eeb974) Importer(2089858483,b0f066a214c2f5e87bad3c948f4d605d)
Start importing Assets/Graphics/Level/png/Object/Sign_2.png using Guid(c5bcf24e04c29c34da37f097f9eeb974) Importer(2089858483,b0f066a214c2f5e87bad3c948f4d605d) (ScriptedImporter) -> (artifact id: '003f162d8533c945cf0c9143d3d0931b') in 0.0265847 seconds
Number of updated asset objects reloaded before import = 0Number of asset objects unloaded after import = 3

========================================================================
Received Import Request.
  Time since last request: 0.000024 seconds.
  path: Assets/Graphics/Level/png/BG/BG-2.png
  artifactKey: Guid(c42e4e3eae1a93d4299e34b20f117c16) Importer(2089858483,b0f066a214c2f5e87bad3c948f4d605d)
Start importing Assets/Graphics/Level/png/BG/BG-2.png using Guid(c42e4e3eae1a93d4299e34b20f117c16) Importer(2089858483,b0f066a214c2f5e87bad3c948f4d605d) (ScriptedImporter) -> (artifact id: '51bae93583ab49e6f08bdc40561bcf9e') in 0.0328482 seconds
Number of updated asset objects reloaded before import = 0Number of asset objects unloaded after import = 3

========================================================================
Received Import Request.
  Time since last request: 0.000022 seconds.
  path: Assets/TextMesh Pro/Sprites/EmojiOne.png
  artifactKey: Guid(dffef66376be4fa480fb02b19edbe903) Importer(2089858483,b0f066a214c2f5e87bad3c948f4d605d)
Start importing Assets/TextMesh Pro/Sprites/EmojiOne.png using Guid(dffef66376be4fa480fb02b19edbe903) Importer(2089858483,b0f066a214c2f5e87bad3c948f4d605d) (ScriptedImporter) -> (artifact id: 'ddddb82b6d9d3cab247885bcfaf7550c') in 0.0278642 seconds
Number of updated asset objects reloaded before import = 0Number of asset objects unloaded after import = 1

========================================================================
Received Import Request.
  Time since last request: 0.000031 seconds.
  path: Assets/Graphics/Level/png/Objects/Bush (2).png
  artifactKey: Guid(93bd16beb206a054f81a4f6966317cd3) Importer(2089858483,b0f066a214c2f5e87bad3c948f4d605d)
Start importing Assets/Graphics/Level/png/Objects/Bush (2).png using Guid(93bd16beb206a054f81a4f6966317cd3) Importer(2089858483,b0f066a214c2f5e87bad3c948f4d605d) (ScriptedImporter) -> (artifact id: '8a104155c45741531c49442af646ad0d') in 0.0264254 seconds
Number of updated asset objects reloaded before import = 0Number of asset objects unloaded after import = 3

========================================================================
Received Import Request.
  Time since last request: 0.000074 seconds.
  path: Assets/Graphics/Level/png/Object/Tree_2.png
  artifactKey: Guid(8ef3d65fefdf42f4f98d802b83300386) Importer(2089858483,b0f066a214c2f5e87bad3c948f4d605d)
Start importing Assets/Graphics/Level/png/Object/Tree_2.png using Guid(8ef3d65fefdf42f4f98d802b83300386) Importer(2089858483,b0f066a214c2f5e87bad3c948f4d605d) (ScriptedImporter) -> (artifact id: '5059a0d4b75b8ad2ffd0d6c08606186c') in 0.0282997 seconds
Number of updated asset objects reloaded before import = 0Number of asset objects unloaded after import = 3

========================================================================
Received Import Request.
  Time since last request: 0.000047 seconds.
  path: Assets/Graphics/Level/png/Objects/ArrowSign.png
  artifactKey: Guid(07e582d72a7f6974b83516c8c614f095) Importer(2089858483,b0f066a214c2f5e87bad3c948f4d605d)
Start importing Assets/Graphics/Level/png/Objects/ArrowSign.png using Guid(07e582d72a7f6974b83516c8c614f095) Importer(2089858483,b0f066a214c2f5e87bad3c948f4d605d) (ScriptedImporter) -> (artifact id: '566dfc713569b8bd993de7ba47f22bcb') in 0.0283175 seconds
Number of updated asset objects reloaded before import = 0Number of asset objects unloaded after import = 3

========================================================================
Received Import Request.
  Time since last request: 0.000025 seconds.
  path: Assets/Graphics/Level/png/Objects/Skeleton.png
  artifactKey: Guid(5e76bdd486f2e1a4aaf6fcead54c2e6b) Importer(2089858483,b0f066a214c2f5e87bad3c948f4d605d)
Start importing Assets/Graphics/Level/png/Objects/Skeleton.png using Guid(5e76bdd486f2e1a4aaf6fcead54c2e6b) Importer(2089858483,b0f066a214c2f5e87bad3c948f4d605d) (ScriptedImporter) -> (artifact id: 'b6b6d37b6e3b142ec2b153f10462d889') in 0.0247292 seconds
Number of updated asset objects reloaded before import = 0Number of asset objects unloaded after import = 3

========================================================================
Received Import Request.
  Time since last request: 0.000027 seconds.
  path: Assets/Graphics/Level/png/Tiles/7.png
  artifactKey: Guid(c132eec9321e5aa4c90f2832308f3fd6) Importer(2089858483,b0f066a214c2f5e87bad3c948f4d605d)
Start importing Assets/Graphics/Level/png/Tiles/7.png using Guid(c132eec9321e5aa4c90f2832308f3fd6) Importer(2089858483,b0f066a214c2f5e87bad3c948f4d605d) (ScriptedImporter) -> (artifact id: '4cdcad021ef3ff3e71f43ffee4382c61') in 0.0273411 seconds
Number of updated asset objects reloaded before import = 0Number of asset objects unloaded after import = 3

========================================================================
Received Import Request.
  Time since last request: 0.000027 seconds.
  path: Assets/Graphics/Level/png/Objects/Bone (1).png
  artifactKey: Guid(18468a74b90af4743b97edd4992b9e39) Importer(2089858483,b0f066a214c2f5e87bad3c948f4d605d)
Start importing Assets/Graphics/Level/png/Objects/Bone (1).png using Guid(18468a74b90af4743b97edd4992b9e39) Importer(2089858483,b0f066a214c2f5e87bad3c948f4d605d) (ScriptedImporter) -> (artifact id: 'a0950bd1a10e45888700e4a1e69b67b3') in 0.0239484 seconds
Number of updated asset objects reloaded before import = 0Number of asset objects unloaded after import = 3

========================================================================
Received Import Request.
  Time since last request: 0.000017 seconds.
  path: Assets/Graphics/Level/png/Tiles/2.png
  artifactKey: Guid(76f5339bbb8bc4a438f26552eea907ba) Importer(2089858483,b0f066a214c2f5e87bad3c948f4d605d)
Start importing Assets/Graphics/Level/png/Tiles/2.png using Guid(76f5339bbb8bc4a438f26552eea907ba) Importer(2089858483,b0f066a214c2f5e87bad3c948f4d605d) (ScriptedImporter) -> (artifact id: 'ab4b99cf803dff3b10acb326cfca39a7') in 0.0278076 seconds
Number of updated asset objects reloaded before import = 0Number of asset objects unloaded after import = 3

========================================================================
Received Import Request.
  Time since last request: 0.000019 seconds.
  path: Assets/Graphics/Level/png/Tiles/5.png
  artifactKey: Guid(8f5502037d97f7144863a28a5a8dcbab) Importer(2089858483,b0f066a214c2f5e87bad3c948f4d605d)
Start importing Assets/Graphics/Level/png/Tiles/5.png using Guid(8f5502037d97f7144863a28a5a8dcbab) Importer(2089858483,b0f066a214c2f5e87bad3c948f4d605d) (ScriptedImporter) -> (artifact id: '8360270baa7ba3cea69077801ed87d0f') in 0.0270661 seconds
Number of updated asset objects reloaded before import = 0Number of asset objects unloaded after import = 3

========================================================================
Received Import Request.
  Time since last request: 0.000034 seconds.
  path: Assets/Scripts/Player/Player.cs
  artifactKey: Guid(3a1025f185733234894daab0344f6538) Importer(2089858483,b0f066a214c2f5e87bad3c948f4d605d)
Start importing Assets/Scripts/Player/Player.cs using Guid(3a1025f185733234894daab0344f6538) Importer(2089858483,b0f066a214c2f5e87bad3c948f4d605d) (ScriptedImporter) -> (artifact id: 'b8c1a1d1ce9541fa76967b0dc55d363c') in 0.0223918 seconds
Number of updated asset objects reloaded before import = 0Number of asset objects unloaded after import = 0

========================================================================
Received Import Request.
  Time since last request: 0.000123 seconds.
  path: Assets/Graphics/Level/png/Tiles/6.png
  artifactKey: Guid(56375779f0f579f42b4f3f51217f14e1) Importer(2089858483,b0f066a214c2f5e87bad3c948f4d605d)
Start importing Assets/Graphics/Level/png/Tiles/6.png using Guid(56375779f0f579f42b4f3f51217f14e1) Importer(2089858483,b0f066a214c2f5e87bad3c948f4d605d) (ScriptedImporter) -> (artifact id: '4b55ee34c661d2280ae2565b8dc810d2') in 0.0310469 seconds
Number of updated asset objects reloaded before import = 0Number of asset objects unloaded after import = 3

========================================================================
Received Import Request.
  Time since last request: 0.000033 seconds.
  path: Assets/Graphics/Character/dragonbones/library/RightFoot (1).png
  artifactKey: Guid(0da1a4b5037c54e49afc6781bc15c218) Importer(2089858483,b0f066a214c2f5e87bad3c948f4d605d)
Start importing Assets/Graphics/Character/dragonbones/library/RightFoot (1).png using Guid(0da1a4b5037c54e49afc6781bc15c218) Importer(2089858483,b0f066a214c2f5e87bad3c948f4d605d) (ScriptedImporter) -> (artifact id: '9b6311985ba89941db82fcfbf7f888c4') in 0.0354539 seconds
Number of updated asset objects reloaded before import = 0Number of asset objects unloaded after import = 3

========================================================================
Received Import Request.
  Time since last request: 0.000038 seconds.
  path: Assets/Graphics/Level/ai/Tile.ai
  artifactKey: Guid(22b051ddc47491d4fa70a468fb8df502) Importer(2089858483,b0f066a214c2f5e87bad3c948f4d605d)
Start importing Assets/Graphics/Level/ai/Tile.ai using Guid(22b051ddc47491d4fa70a468fb8df502) Importer(2089858483,b0f066a214c2f5e87bad3c948f4d605d) (ScriptedImporter) -> (artifact id: '94c716e06debfc3112311c650a2a6cb6') in 0.022532 seconds
Number of updated asset objects reloaded before import = 0Number of asset objects unloaded after import = 1

========================================================================
Received Import Request.
  Time since last request: 0.000043 seconds.
  path: Assets/Resources/Sounds/Opening.wav
  artifactKey: Guid(690ce7070f5c2c94c81a7a5101a6b0e7) Importer(2089858483,b0f066a214c2f5e87bad3c948f4d605d)
Start importing Assets/Resources/Sounds/Opening.wav using Guid(690ce7070f5c2c94c81a7a5101a6b0e7) Importer(2089858483,b0f066a214c2f5e87bad3c948f4d605d) (ScriptedImporter) -> (artifact id: '929bacd19c218211529d8cb73acdef33') in 0.3754547 seconds
Number of updated asset objects reloaded before import = 0Number of asset objects unloaded after import = 1

========================================================================
Received Import Request.
  Time since last request: 0.000028 seconds.
  path: Assets/Graphics/Level/png/Tiles/Tile (16).png
  artifactKey: Guid(12bee489cc5d4aa4eb5e2165dcaa0855) Importer(2089858483,b0f066a214c2f5e87bad3c948f4d605d)
Start importing Assets/Graphics/Level/png/Tiles/Tile (16).png using Guid(12bee489cc5d4aa4eb5e2165dcaa0855) Importer(2089858483,b0f066a214c2f5e87bad3c948f4d605d) (ScriptedImporter) -> (artifact id: '8647bc9692e21b4ff1e5dcf5688fc1df') in 0.0275149 seconds
Number of updated asset objects reloaded before import = 0Number of asset objects unloaded after import = 3

========================================================================
Received Import Request.
  Time since last request: 0.000029 seconds.
  path: Assets/Lean/Common/Examples/Materials/Green.mat
  artifactKey: Guid(a7c2868437eddf248a6deb329de23d8e) Importer(2089858483,b0f066a214c2f5e87bad3c948f4d605d)
Start importing Assets/Lean/Common/Examples/Materials/Green.mat using Guid(a7c2868437eddf248a6deb329de23d8e) Importer(2089858483,b0f066a214c2f5e87bad3c948f4d605d) (ScriptedImporter) -> (artifact id: 'c0a0da62bd2889ad93de5b930237b807') in 0.0248603 seconds
Number of updated asset objects reloaded before import = 0Number of asset objects unloaded after import = 1

========================================================================
Received Import Request.
  Time since last request: 0.000159 seconds.
  path: Assets/Lean/Common/Examples/Prefabs/Button.prefab
  artifactKey: Guid(e397534993a3daa4fb62356a2b6e1856) Importer(2089858483,b0f066a214c2f5e87bad3c948f4d605d)
Start importing Assets/Lean/Common/Examples/Prefabs/Button.prefab using Guid(e397534993a3daa4fb62356a2b6e1856) Importer(2089858483,b0f066a214c2f5e87bad3c948f4d605d) (ScriptedImporter) -> (artifact id: '4c9bd1a88085a39ebaa45c2804cb5f18') in 0.0417759 seconds
Number of updated asset objects reloaded before import = 0Number of asset objects unloaded after import = 14

========================================================================
Received Import Request.
  Time since last request: 0.000044 seconds.
  path: Assets/Graphics/Level/png/Tiles/Tile (15).png
  artifactKey: Guid(358e3faaba7347142a423bc4630bf799) Importer(2089858483,b0f066a214c2f5e87bad3c948f4d605d)
Start importing Assets/Graphics/Level/png/Tiles/Tile (15).png using Guid(358e3faaba7347142a423bc4630bf799) Importer(2089858483,b0f066a214c2f5e87bad3c948f4d605d) (ScriptedImporter) -> (artifact id: '2fd3dde7f4e9d1d1be2bb6c72fcfddd9') in 0.0324632 seconds
Number of updated asset objects reloaded before import = 0Number of asset objects unloaded after import = 3

========================================================================
Received Import Request.
  Time since last request: 0.000027 seconds.
  path: Assets/Graphics/Level/vector/Tile.ai
  artifactKey: Guid(33b1ba0d317ba3f4290ae640fa2c45b0) Importer(2089858483,b0f066a214c2f5e87bad3c948f4d605d)
Start importing Assets/Graphics/Level/vector/Tile.ai using Guid(33b1ba0d317ba3f4290ae640fa2c45b0) Importer(2089858483,b0f066a214c2f5e87bad3c948f4d605d) (ScriptedImporter) -> (artifact id: 'c564679aa3e627a01c0d4fd61deedde8') in 0.0193796 seconds
Number of updated asset objects reloaded before import = 0Number of asset objects unloaded after import = 1

========================================================================
Received Import Request.
  Time since last request: 0.000120 seconds.
  path: Assets/Lean/Common/Examples/Meshes/RoundedCube.obj
  artifactKey: Guid(f36c148914c8e05498dad1ca7becaa2e) Importer(2089858483,b0f066a214c2f5e87bad3c948f4d605d)
Start importing Assets/Lean/Common/Examples/Meshes/RoundedCube.obj using Guid(f36c148914c8e05498dad1ca7becaa2e) Importer(2089858483,b0f066a214c2f5e87bad3c948f4d605d) (ScriptedImporter) -> (artifact id: 'be71e09847fbbc0efaa5cf213cc4c73f') in 0.0520437 seconds
Number of updated asset objects reloaded before import = 0Number of asset objects unloaded after import = 9

========================================================================
Received Import Request.
  Time since last request: 0.000027 seconds.
  path: Assets/Lean/Common/Examples/Materials/Purple.mat
  artifactKey: Guid(2c57751e748651a4c9bd8f9f48e8cf5e) Importer(2089858483,b0f066a214c2f5e87bad3c948f4d605d)
Start importing Assets/Lean/Common/Examples/Materials/Purple.mat using Guid(2c57751e748651a4c9bd8f9f48e8cf5e) Importer(2089858483,b0f066a214c2f5e87bad3c948f4d605d) (ScriptedImporter) -> (artifact id: '40a312cb3a9ffacab1e6692a1c9b55cb') in 0.0244662 seconds
Number of updated asset objects reloaded before import = 0Number of asset objects unloaded after import = 1

========================================================================
Received Import Request.
  Time since last request: 0.000043 seconds.
  path: Assets/Lean/Common/Examples/Materials/Blue.mat
  artifactKey: Guid(69c3c648559bfd34eaae3ff327107596) Importer(2089858483,b0f066a214c2f5e87bad3c948f4d605d)
Start importing Assets/Lean/Common/Examples/Materials/Blue.mat using Guid(69c3c648559bfd34eaae3ff327107596) Importer(2089858483,b0f066a214c2f5e87bad3c948f4d605d) (ScriptedImporter) -> (artifact id: '99e595692fb979ed9b1419613f23039a') in 0.0245665 seconds
Number of updated asset objects reloaded before import = 0Number of asset objects unloaded after import = 1

========================================================================
Received Import Request.
  Time since last request: 0.000021 seconds.
  path: Assets/Graphics/Level/png/BG/BG.png
  artifactKey: Guid(3742c3aefe74dc44b82cb737c66f3d9a) Importer(2089858483,b0f066a214c2f5e87bad3c948f4d605d)
Start importing Assets/Graphics/Level/png/BG/BG.png using Guid(3742c3aefe74dc44b82cb737c66f3d9a) Importer(2089858483,b0f066a214c2f5e87bad3c948f4d605d) (ScriptedImporter) -> (artifact id: '735a88b06d7d688976123f7a63ee23ce') in 0.025033 seconds
Number of updated asset objects reloaded before import = 0Number of asset objects unloaded after import = 3

========================================================================
Received Import Request.
  Time since last request: 0.000032 seconds.
  path: Assets/Lean/Common/Examples/Textures/Left.png
  artifactKey: Guid(8548d034b532fc64f9e26ecfe5f35ff7) Importer(2089858483,b0f066a214c2f5e87bad3c948f4d605d)
Start importing Assets/Lean/Common/Examples/Textures/Left.png using Guid(8548d034b532fc64f9e26ecfe5f35ff7) Importer(2089858483,b0f066a214c2f5e87bad3c948f4d605d) (ScriptedImporter) -> (artifact id: '491b8a06a6d5315822d03279a8d6ef42') in 0.0305856 seconds
Number of updated asset objects reloaded before import = 0Number of asset objects unloaded after import = 3

========================================================================
Received Import Request.
  Time since last request: 0.000029 seconds.
  path: Assets/TextMesh Pro/Examples & Extras/Resources/Fonts & Materials/Anton SDF - Outline.mat
  artifactKey: Guid(a00013af81304728b2be1f4309ee2433) Importer(2089858483,b0f066a214c2f5e87bad3c948f4d605d)
Start importing Assets/TextMesh Pro/Examples & Extras/Resources/Fonts & Materials/Anton SDF - Outline.mat using Guid(a00013af81304728b2be1f4309ee2433) Importer(2089858483,b0f066a214c2f5e87bad3c948f4d605d) (ScriptedImporter) -> (artifact id: '453cd15ce6d267486a3ab2374f318bde') in 0.0303109 seconds
Number of updated asset objects reloaded before import = 0Number of asset objects unloaded after import = 2

========================================================================
Received Import Request.
  Time since last request: 0.000025 seconds.
  path: Assets/Lean/Localization/Examples/Media/Japanese Flag.png
  artifactKey: Guid(19a622a42d9260f4ea7cb39dae2415fc) Importer(2089858483,b0f066a214c2f5e87bad3c948f4d605d)
Start importing Assets/Lean/Localization/Examples/Media/Japanese Flag.png using Guid(19a622a42d9260f4ea7cb39dae2415fc) Importer(2089858483,b0f066a214c2f5e87bad3c948f4d605d) (ScriptedImporter) -> (artifact id: 'c516562282f21055ef85da7b6c5005db') in 0.0287985 seconds
Number of updated asset objects reloaded before import = 0Number of asset objects unloaded after import = 3

========================================================================
Received Import Request.
  Time since last request: 0.000025 seconds.
  path: Assets/TextMesh Pro/Examples & Extras/Resources/Color Gradient Presets/Dark to Light Green - Vertical.asset
  artifactKey: Guid(4c86a3366cd840348ebe8dc438570ee4) Importer(2089858483,b0f066a214c2f5e87bad3c948f4d605d)
Start importing Assets/TextMesh Pro/Examples & Extras/Resources/Color Gradient Presets/Dark to Light Green - Vertical.asset using Guid(4c86a3366cd840348ebe8dc438570ee4) Importer(2089858483,b0f066a214c2f5e87bad3c948f4d605d) (ScriptedImporter) -> (artifact id: '57ef3f9c8f39f0d41fba7385d8f00251') in 0.0231691 seconds
Number of updated asset objects reloaded before import = 0Number of asset objects unloaded after import = 1

========================================================================
Received Import Request.
  Time since last request: 0.000066 seconds.
  path: Assets/Lean/Localization/Scripts/Behaviours/LeanLocalizedRenderer.cs
  artifactKey: Guid(b42c83c3c333a7e4a8e498fec50ce1fb) Importer(2089858483,b0f066a214c2f5e87bad3c948f4d605d)
Start importing Assets/Lean/Localization/Scripts/Behaviours/LeanLocalizedRenderer.cs using Guid(b42c83c3c333a7e4a8e498fec50ce1fb) Importer(2089858483,b0f066a214c2f5e87bad3c948f4d605d) (ScriptedImporter) -> (artifact id: '3d1ea9ebbce01247fc96d93c12ff04cd') in 0.0247784 seconds
Number of updated asset objects reloaded before import = 0Number of asset objects unloaded after import = 0

========================================================================
Received Import Request.
  Time since last request: 0.000088 seconds.
  path: Assets/Lean/Localization/Scripts/Behaviours/LeanLocalizedDropdown.cs
  artifactKey: Guid(e463f642519cd6c488a1dd9e57b445a3) Importer(2089858483,b0f066a214c2f5e87bad3c948f4d605d)
Start importing Assets/Lean/Localization/Scripts/Behaviours/LeanLocalizedDropdown.cs using Guid(e463f642519cd6c488a1dd9e57b445a3) Importer(2089858483,b0f066a214c2f5e87bad3c948f4d605d) (ScriptedImporter) -> (artifact id: 'f8cf2f97180d4b35426d0b23ad13f468') in 0.0204913 seconds
Number of updated asset objects reloaded before import = 0Number of asset objects unloaded after import = 0

========================================================================
Received Import Request.
  Time since last request: 0.000031 seconds.
  path: Assets/Lean/Localization/Examples/Media/Hello.prefab
  artifactKey: Guid(fd4f32358c1e55b4494faaa9c628be27) Importer(2089858483,b0f066a214c2f5e87bad3c948f4d605d)
Start importing Assets/Lean/Localization/Examples/Media/Hello.prefab using Guid(fd4f32358c1e55b4494faaa9c628be27) Importer(2089858483,b0f066a214c2f5e87bad3c948f4d605d) (ScriptedImporter) -> (artifact id: '99574312f5c4fe2c07eca212f71831f3') in 0.0209824 seconds
Number of updated asset objects reloaded before import = 0Number of asset objects unloaded after import = 5

========================================================================
Received Import Request.
  Time since last request: 0.000036 seconds.
  path: Assets/TextMesh Pro/Examples & Extras/Resources/Fonts & Materials/LiberationSans SDF - Metalic Green.mat
  artifactKey: Guid(8b29aaa3eec7468097ff07adfcf29ac9) Importer(2089858483,b0f066a214c2f5e87bad3c948f4d605d)
Start importing Assets/TextMesh Pro/Examples & Extras/Resources/Fonts & Materials/LiberationSans SDF - Metalic Green.mat using Guid(8b29aaa3eec7468097ff07adfcf29ac9) Importer(2089858483,b0f066a214c2f5e87bad3c948f4d605d) (ScriptedImporter) -> (artifact id: '8c336a0c7eae8966d4a13978ea60d6de') in 0.0413012 seconds
Number of updated asset objects reloaded before import = 0Number of asset objects unloaded after import = 4

========================================================================
Received Import Request.
  Time since last request: 0.000027 seconds.
  path: Assets/Lean/Localization/Scripts/Behaviours/LeanLocalizedTextMesh.cs
  artifactKey: Guid(365897690d9e7c54f9fd65401bffb0d3) Importer(2089858483,b0f066a214c2f5e87bad3c948f4d605d)
Start importing Assets/Lean/Localization/Scripts/Behaviours/LeanLocalizedTextMesh.cs using Guid(365897690d9e7c54f9fd65401bffb0d3) Importer(2089858483,b0f066a214c2f5e87bad3c948f4d605d) (ScriptedImporter) -> (artifact id: 'c0128fbb1670de0ee37da8a4ad1821f2') in 0.0182432 seconds
Number of updated asset objects reloaded before import = 0Number of asset objects unloaded after import = 0

========================================================================
Received Import Request.
  Time since last request: 0.000102 seconds.
  path: Assets/TextMesh Pro/Examples & Extras/Resources/Color Gradient Presets/Light to Dark Green - Vertical.asset
  artifactKey: Guid(5cf8ae092ca54931b443bec5148f3c59) Importer(2089858483,b0f066a214c2f5e87bad3c948f4d605d)
Start importing Assets/TextMesh Pro/Examples & Extras/Resources/Color Gradient Presets/Light to Dark Green - Vertical.asset using Guid(5cf8ae092ca54931b443bec5148f3c59) Importer(2089858483,b0f066a214c2f5e87bad3c948f4d605d) (ScriptedImporter) -> (artifact id: '2d2a22d396c01883059024e6005ada59') in 0.0186808 seconds
Number of updated asset objects reloaded before import = 0Number of asset objects unloaded after import = 1

========================================================================
Received Import Request.
  Time since last request: 0.000115 seconds.
  path: Assets/TextMesh Pro/Examples & Extras/Resources/Fonts & Materials/Oswald Bold SDF.asset
  artifactKey: Guid(0161d805a3764c089bef00bfe00793f5) Importer(2089858483,b0f066a214c2f5e87bad3c948f4d605d)
Start importing Assets/TextMesh Pro/Examples & Extras/Resources/Fonts & Materials/Oswald Bold SDF.asset using Guid(0161d805a3764c089bef00bfe00793f5) Importer(2089858483,b0f066a214c2f5e87bad3c948f4d605d) (ScriptedImporter) -> (artifact id: 'e401cdc3273faf75dfac3301d381f6bf') in 0.0304425 seconds
Number of updated asset objects reloaded before import = 0Number of asset objects unloaded after import = 5

========================================================================
Received Import Request.
  Time since last request: 0.000029 seconds.
  path: Assets/Lean/Localization/Examples/Media/Japanese Flag.mat
  artifactKey: Guid(48a2aa49b78591d4dbd7b4cfd87e55a2) Importer(2089858483,b0f066a214c2f5e87bad3c948f4d605d)
Start importing Assets/Lean/Localization/Examples/Media/Japanese Flag.mat using Guid(48a2aa49b78591d4dbd7b4cfd87e55a2) Importer(2089858483,b0f066a214c2f5e87bad3c948f4d605d) (ScriptedImporter) -> (artifact id: '171300159b3bf3e1ec8ee1e54021a96a') in 0.0237544 seconds
Number of updated asset objects reloaded before import = 0Number of asset objects unloaded after import = 2

========================================================================
Received Import Request.
  Time since last request: 0.000016 seconds.
  path: Assets/Lean/Localization/Scripts/Behaviours/LeanLocalizedAudioSource.cs
  artifactKey: Guid(4bbcd1203ed53d54e9a127af382c0181) Importer(2089858483,b0f066a214c2f5e87bad3c948f4d605d)
Start importing Assets/Lean/Localization/Scripts/Behaviours/LeanLocalizedAudioSource.cs using Guid(4bbcd1203ed53d54e9a127af382c0181) Importer(2089858483,b0f066a214c2f5e87bad3c948f4d605d) (ScriptedImporter) -> (artifact id: 'c513ce9bd6d26911f51beb779c93f958') in 0.0219749 seconds
Number of updated asset objects reloaded before import = 0Number of asset objects unloaded after import = 0

========================================================================
Received Import Request.
  Time since last request: 0.000101 seconds.
  path: Assets/Lean/Localization/Examples/Media/Good Morning.prefab
  artifactKey: Guid(ec2b7e65f34f0794aa02d10ddc95a670) Importer(2089858483,b0f066a214c2f5e87bad3c948f4d605d)
Start importing Assets/Lean/Localization/Examples/Media/Good Morning.prefab using Guid(ec2b7e65f34f0794aa02d10ddc95a670) Importer(2089858483,b0f066a214c2f5e87bad3c948f4d605d) (ScriptedImporter) -> (artifact id: 'a05a1dab4c557b2f756ae6ede1fbe306') in 0.0248304 seconds
Number of updated asset objects reloaded before import = 0Number of asset objects unloaded after import = 5

========================================================================
Received Import Request.
  Time since last request: 0.000020 seconds.
  path: Assets/TextMesh Pro/Examples & Extras/Resources/Fonts & Materials/Roboto-Bold SDF.asset
  artifactKey: Guid(5302535af1044152a457ed104f1f4b91) Importer(2089858483,b0f066a214c2f5e87bad3c948f4d605d)
Start importing Assets/TextMesh Pro/Examples & Extras/Resources/Fonts & Materials/Roboto-Bold SDF.asset using Guid(5302535af1044152a457ed104f1f4b91) Importer(2089858483,b0f066a214c2f5e87bad3c948f4d605d) (ScriptedImporter) -> (artifact id: '8d99e5424dfc73118dc14ec591003c19') in 0.0283106 seconds
Number of updated asset objects reloaded before import = 0Number of asset objects unloaded after import = 5

========================================================================
Received Import Request.
  Time since last request: 0.000024 seconds.
  path: Assets/TextMesh Pro/Examples & Extras/Textures/Wipe Pattern - Diagonal.psd
  artifactKey: Guid(ed5290d8df18488780e2996b9b882f01) Importer(2089858483,b0f066a214c2f5e87bad3c948f4d605d)
Start importing Assets/TextMesh Pro/Examples & Extras/Textures/Wipe Pattern - Diagonal.psd using Guid(ed5290d8df18488780e2996b9b882f01) Importer(2089858483,b0f066a214c2f5e87bad3c948f4d605d) (ScriptedImporter) -> (artifact id: 'b06945c8f575aaeec728acffae7eaec4') in 0.0282273 seconds
Number of updated asset objects reloaded before import = 0Number of asset objects unloaded after import = 1

========================================================================
Received Import Request.
  Time since last request: 0.000162 seconds.
  path: Assets/TextMesh Pro/Shaders/TMP_SDF Overlay.shader
  artifactKey: Guid(dd89cf5b9246416f84610a006f916af7) Importer(2089858483,b0f066a214c2f5e87bad3c948f4d605d)
Start importing Assets/TextMesh Pro/Shaders/TMP_SDF Overlay.shader using Guid(dd89cf5b9246416f84610a006f916af7) Importer(2089858483,b0f066a214c2f5e87bad3c948f4d605d) (ScriptedImporter) -> (artifact id: '9d6d861cfe5c3863ce3eb77a09443b9b') in 0.0243149 seconds
Number of updated asset objects reloaded before import = 0Number of asset objects unloaded after import = 1

========================================================================
Received Import Request.
  Time since last request: 0.000178 seconds.
  path: Assets/Graphics/Level/ai/Sample.ai
  artifactKey: Guid(dc5a89dc65876d946be875ad35b5c929) Importer(2089858483,b0f066a214c2f5e87bad3c948f4d605d)
Start importing Assets/Graphics/Level/ai/Sample.ai using Guid(dc5a89dc65876d946be875ad35b5c929) Importer(2089858483,b0f066a214c2f5e87bad3c948f4d605d) (ScriptedImporter) -> (artifact id: 'e827b10a06c92b810792cfbf4bf40293') in 0.0188377 seconds
Number of updated asset objects reloaded before import = 0Number of asset objects unloaded after import = 1

========================================================================
Received Import Request.
  Time since last request: 0.000136 seconds.
  path: Assets/Lean/Common/Examples/Prefabs/RoundedCube.prefab
  artifactKey: Guid(98bcf37801e348c44b1dc78b7af0bb77) Importer(2089858483,b0f066a214c2f5e87bad3c948f4d605d)
Start importing Assets/Lean/Common/Examples/Prefabs/RoundedCube.prefab using Guid(98bcf37801e348c44b1dc78b7af0bb77) Importer(2089858483,b0f066a214c2f5e87bad3c948f4d605d) (ScriptedImporter) -> (artifact id: '17aef089b6f03e81163477ca5530f4d0') in 0.0302859 seconds
Number of updated asset objects reloaded before import = 0Number of asset objects unloaded after import = 9

========================================================================
Received Import Request.
  Time since last request: 0.000031 seconds.
  path: Assets/TextMesh Pro/Examples & Extras/Resources/Sprite Assets/Default Sprite Asset.asset
  artifactKey: Guid(fbef3c704dce48f08a44612d6c856c8d) Importer(2089858483,b0f066a214c2f5e87bad3c948f4d605d)
Start importing Assets/TextMesh Pro/Examples & Extras/Resources/Sprite Assets/Default Sprite Asset.asset using Guid(fbef3c704dce48f08a44612d6c856c8d) Importer(2089858483,b0f066a214c2f5e87bad3c948f4d605d) (ScriptedImporter) -> (artifact id: 'b80531d95626cc852385ae54940de48a') in 0.0358158 seconds
Number of updated asset objects reloaded before import = 0Number of asset objects unloaded after import = 3

========================================================================
Received Import Request.
  Time since last request: 0.000021 seconds.
  path: Assets/Lean/Localization/Examples/01 Localization.unity
  artifactKey: Guid(8a962b27f87d08e46a190c2a75f9a911) Importer(2089858483,b0f066a214c2f5e87bad3c948f4d605d)
Start importing Assets/Lean/Localization/Examples/01 Localization.unity using Guid(8a962b27f87d08e46a190c2a75f9a911) Importer(2089858483,b0f066a214c2f5e87bad3c948f4d605d) (ScriptedImporter) -> (artifact id: '6f0389e39d07db9eed6b52291ed984f8') in 0.0245189 seconds
Number of updated asset objects reloaded before import = 0Number of asset objects unloaded after import = 1

========================================================================
Received Import Request.
  Time since last request: 0.000184 seconds.
  path: Assets/Lean/Common/Extras/LeanPlane.cs
  artifactKey: Guid(e167f5141e8fbbb429990fdd6dca01c5) Importer(2089858483,b0f066a214c2f5e87bad3c948f4d605d)
Start importing Assets/Lean/Common/Extras/LeanPlane.cs using Guid(e167f5141e8fbbb429990fdd6dca01c5) Importer(2089858483,b0f066a214c2f5e87bad3c948f4d605d) (ScriptedImporter) -> (artifact id: '46d0b7f4eb73d5e9299a7055a8439db5') in 0.0234423 seconds
Number of updated asset objects reloaded before import = 0Number of asset objects unloaded after import = 0

========================================================================
Received Import Request.
  Time since last request: 0.000108 seconds.
  path: Assets/Lean/Common/Extras/LeanDestroy.cs
  artifactKey: Guid(683e90f239f8a2b42b3533e9316fd5f3) Importer(2089858483,b0f066a214c2f5e87bad3c948f4d605d)
Start importing Assets/Lean/Common/Extras/LeanDestroy.cs using Guid(683e90f239f8a2b42b3533e9316fd5f3) Importer(2089858483,b0f066a214c2f5e87bad3c948f4d605d) (ScriptedImporter) -> (artifact id: '0c3d17471d1a262285013848a072ddf3') in 0.0228153 seconds
Number of updated asset objects reloaded before import = 0Number of asset objects unloaded after import = 0

========================================================================
Received Import Request.
  Time since last request: 0.000097 seconds.
  path: Assets/Lean/Common/Scripts/LeanHelper.cs
  artifactKey: Guid(74ff7c06330793042a1bb0a7fc0accb5) Importer(2089858483,b0f066a214c2f5e87bad3c948f4d605d)
Start importing Assets/Lean/Common/Scripts/LeanHelper.cs using Guid(74ff7c06330793042a1bb0a7fc0accb5) Importer(2089858483,b0f066a214c2f5e87bad3c948f4d605d) (ScriptedImporter) -> (artifact id: '512e74466877aefa865115f9b6399f58') in 0.0239 seconds
Number of updated asset objects reloaded before import = 0Number of asset objects unloaded after import = 0

========================================================================
Received Import Request.
  Time since last request: 0.000083 seconds.
  path: Assets/Lean/Common/Extras/LeanRoll.cs
  artifactKey: Guid(44eecfd2f8136f94caff1a3e1238c023) Importer(2089858483,b0f066a214c2f5e87bad3c948f4d605d)
Start importing Assets/Lean/Common/Extras/LeanRoll.cs using Guid(44eecfd2f8136f94caff1a3e1238c023) Importer(2089858483,b0f066a214c2f5e87bad3c948f4d605d) (ScriptedImporter) -> (artifact id: '3619030671cbef4d0107fd0dbcecd49d') in 0.0323948 seconds
Number of updated asset objects reloaded before import = 0Number of asset objects unloaded after import = 0

========================================================================
Received Import Request.
  Time since last request: 0.000036 seconds.
  path: Assets/Resources/Sounds/Level3.wav
  artifactKey: Guid(f22c7df422ca6854aa49616e6124bc94) Importer(2089858483,b0f066a214c2f5e87bad3c948f4d605d)
Start importing Assets/Resources/Sounds/Level3.wav using Guid(f22c7df422ca6854aa49616e6124bc94) Importer(2089858483,b0f066a214c2f5e87bad3c948f4d605d) (ScriptedImporter) -> (artifact id: 'a1cfce6a2b900e8df9811115774e50e1') in 0.6450324 seconds
Number of updated asset objects reloaded before import = 0Number of asset objects unloaded after import = 1

